3.823715e+00,-9.032229e+00,1.917427e+00,-1.473208e+01,1.883095e+00,-3.989550e+00,2.688850e+01,3.117265e+00,-4.327542e+00,6.865412e+01,1.456024e+01,-2.263226e+01,-4.037147e+02,0,0,3.823715e+00,9.032229e+00,-1.917427e+00,-2.700528e+01,1.291984e+00,-2.767869e+00,1.895648e+01,2.478706e+00,-1.532144e+00,4.331049e+01,1.691791e+01,-1.112363e+01,-3.847519e+02,0,0
3.320785e+00,-9.098153e+00,1.918745e+00,-1.488672e+01,1.990925e+00,-3.522042e+00,2.691091e+01,3.270994e+00,-3.845715e+00,6.869928e+01,1.493219e+01,-2.274756e+01,-4.035910e+02,0,0,3.320785e+00,9.098153e+00,-1.918745e+00,-2.707168e+01,1.423377e+00,-2.286939e+00,1.894841e+01,2.711377e+00,-1.403175e+00,4.404131e+01,1.724300e+01,-1.197179e+01,-3.855879e+02,0,0
3.076369e+00,-9.000630e+00,1.926682e+00,-1.509261e+01,1.675556e+00,-3.301344e+00,2.679905e+01,3.534966e+00,-3.600789e+00,6.908379e+01,1.514220e+01,-2.325341e+01,-4.040138e+02,0,0,3.076369e+00,9.000630e+00,-1.926682e+00,-2.687265e+01,1.339547e+00,-2.055657e+00,1.904382e+01,2.832691e+00,-1.193020e+00,4.438587e+01,1.731822e+01,-1.225561e+01,-3.859962e+02,0,0
3.076369e+00,-9.000630e+00,1.926682e+00,-1.461970e+01,1.680910e+00,-3.314352e+00,2.692737e+01,3.503472e+00,-3.894469e+00,6.869117e+01,1.501168e+01,-2.290165e+01,-4.037763e+02,0,0,3.076369e+00,9.000630e+00,-1.926682e+00,-2.645166e+01,1.391204e+00,-3.376047e+00,1.969921e+01,2.155526e+00,-7.057579e-01,4.343270e+01,1.713244e+01,-1.139930e+01,-3.851848e+02,0,0
1.790609e+00,-8.486626e+00,2.166205e+00,-1.525789e+01,1.046735e+00,-4.225947e+00,2.733415e+01,3.942447e+00,-3.975106e+00,4.816935e+01,1.844889e+01,-9.282092e+00,-3.855191e+02,0,0,1.790609e+00,8.486626e+00,-2.166205e+00,-2.676842e+01,1.017026e+00,-1.222921e+00,2.025066e+01,2.421273e+00,2.810086e-03,2.777312e+01,2.092786e+01,-2.900980e+00,-3.762662e+02,0,0
-1.962768e-02,-8.509710e+00,2.155298e+00,-1.535282e+01,1.600980e+00,-2.375831e+00,2.658649e+01,5.906391e+00,-3.243652e+00,2.643443e+01,2.631664e+01,1.430340e+01,-3.618630e+02,0,0,-1.962768e-02,8.509710e+00,-2.155298e+00,-2.647131e+01,1.709530e+00,5.470939e-01,1.976483e+01,5.094304e+00,-1.190835e-02,1.068807e+01,2.878249e+01,1.869010e+01,-3.547463e+02,0,0
-2.068760e+00,-7.952820e+00,2.398660e+00,-1.532035e+01,1.972308e+00,-4.997326e-01,2.696577e+01,5.830470e+00,-3.319651e+00,1.695249e+01,2.833092e+01,2.535862e+01,-3.536982e+02,0,0,-2.068760e+00,7.952820e+00,-2.398660e+00,-2.634285e+01,1.623180e+00,7.545242e-02,2.011750e+01,4.467046e+00,-1.794851e-01,1.854059e-01,3.053646e+01,3.646364e+01,-3.394482e+02,0,0
-3.107219e+00,-8.000168e+00,2.394916e+00,-1.483749e+01,2.875930e+00,-1.410294e+00,2.750296e+01,5.192667e+00,-3.642413e+00,1.514080e+01,2.896626e+01,2.731480e+01,-3.507808e+02,0,0,-3.107219e+00,8.000168e+00,-2.394916e+00,-2.629862e+01,1.741582e+00,1.427046e-03,2.023282e+01,3.847879e+00,-7.260401e-02,-1.109239e+00,3.163144e+01,3.761769e+01,-3.370981e+02,0,0
-3.848840e+00,-7.955119e+00,2.380867e+00,-1.480854e+01,2.287550e+00,-1.569960e+00,2.819209e+01,5.034380e+00,-3.261974e+00,1.711150e+01,2.934945e+01,2.811545e+01,-3.501207e+02,0,0,-3.848840e+00,7.955119e+00,-2.380867e+00,-2.648288e+01,1.611123e+00,5.097036e-01,2.102668e+01,3.570845e+00,8.126345e-01,6.825754e-01,3.242621e+01,3.865653e+01,-3.374852e+02,0,0
-4.382611e+00,-7.982732e+00,2.389226e+00,-1.420319e+01,2.838788e+00,-2.312942e+00,2.922485e+01,5.031712e+00,-3.579776e+00,1.128397e+01,3.007668e+01,3.990057e+01,-3.354396e+02,0,0,-4.382611e+00,7.982732e+00,-2.389226e+00,-2.569563e+01,1.898083e+00,-6.426613e-01,2.181177e+01,3.315152e+00,1.252232e+00,-4.851486e+00,3.254310e+01,4.974189e+01,-3.277125e+02,0,0
-5.175040e+00,-8.458437e+00,2.157710e+00,-1.136999e+01,3.952799e+00,-3.110370e+00,3.203053e+01,4.476396e+00,-5.289786e+00,4.130294e+00,3.132726e+01,5.936840e+01,-3.138530e+02,0,0,-5.175040e+00,8.458437e+00,-2.157710e+00,-2.464995e+01,2.525289e+00,-1.266255e+00,2.208707e+01,1.810733e+00,1.723270e-01,-1.561862e+01,3.227081e+01,6.683599e+01,-3.074604e+02,0,0
-5.565708e+00,-8.196663e+00,2.905869e+00,-1.026798e+01,4.241404e+00,-4.268633e+00,3.210396e+01,3.794108e+00,-5.992181e+00,-6.280487e+00,3.141658e+01,7.288157e+01,-2.986066e+02,0,0,-5.565708e+00,8.196663e+00,-2.905869e+00,-2.299904e+01,3.259514e+00,-3.963393e+00,2.246670e+01,2.632884e-01,-2.110935e+00,-2.595460e+01,3.347787e+01,8.336066e+01,-2.862331e+02,0,0
-6.105189e+00,-8.222723e+00,2.915199e+00,-9.766775e+00,5.306752e+00,-4.432686e+00,3.194439e+01,4.301591e+00,-6.910957e+00,-1.511485e+01,3.290513e+01,8.178256e+01,-2.858557e+02,0,0,-6.105189e+00,8.222723e+00,-2.915199e+00,-2.291262e+01,2.707132e+00,-5.026499e+00,2.221942e+01,-6.369315e-01,-2.515080e+00,-3.367113e+01,3.450634e+01,9.206809e+01,-2.804069e+02,0,0
-6.014158e+00,-8.457866e+00,3.440302e+00,-8.256077e+00,4.754322e+00,-5.904866e+00,3.236401e+01,3.402747e+00,-7.546452e+00,-2.080420e+01,3.471424e+01,8.937887e+01,-2.793301e+02,0,0,-6.014158e+00,8.457866e+00,-3.440302e+00,-2.342848e+01,3.611939e+00,-5.511704e+00,2.161462e+01,-3.210731e-01,-3.508423e+00,-3.856705e+01,3.602225e+01,9.622646e+01,-2.760945e+02,0,0
-6.029710e+00,-8.449277e+00,3.440122e+00,-7.018289e+00,4.422875e+00,-8.054981e+00,3.317010e+01,2.557527e+00,-9.466183e+00,-2.516983e+01,3.764855e+01,9.568074e+01,-2.715466e+02,0,0,-6.029710e+00,8.449277e+00,-3.440122e+00,-2.296779e+01,4.036590e+00,-7.604009e+00,2.068337e+01,-9.825950e-01,-5.128928e+00,-4.331161e+01,3.653952e+01,1.065964e+02,-2.665897e+02,0,0
-6.112855e+00,-7.706534e+00,3.150667e+00,-6.819805e+00,4.931344e+00,-9.841821e+00,3.325263e+01,1.401359e+00,-1.091680e+01,-2.987533e+01,3.970285e+01,1.011899e+02,-2.609778e+02,0,0,-6.112855e+00,7.706534e+00,-3.150667e+00,-2.224119e+01,4.056148e+00,-9.019565e+00,2.119566e+01,-1.949844e+00,-6.204179e+00,-4.741346e+01,3.807268e+01,1.142932e+02,-2.576379e+02,0,0
-6.114720e+00,-7.701937e+00,3.151457e+00,-6.291054e+00,4.682650e+00,-1.129142e+01,3.259969e+01,8.305480e-01,-1.193453e+01,-3.416782e+01,4.179513e+01,1.061012e+02,-2.584392e+02,0,0,-6.114720e+00,7.701937e+00,-3.151457e+00,-2.225484e+01,4.022012e+00,-1.038844e+01,2.096381e+01,-2.600103e+00,-7.385119e+00,-4.926623e+01,3.948729e+01,1.173402e+02,-2.520861e+02,0,0
-6.195818e+00,-7.469464e+00,2.626523e+00,-6.884664e+00,5.028093e+00,-1.242923e+01,3.194411e+01,2.172323e-01,-1.287475e+01,-3.696697e+01,4.288787e+01,1.100720e+02,-2.531202e+02,0,0,-6.195818e+00,7.469464e+00,-2.626523e+00,-2.176783e+01,3.706202e+00,-1.062559e+01,2.080399e+01,-3.670687e+00,-7.425327e+00,-5.210882e+01,4.044665e+01,1.223539e+02,-2.520421e+02,0,0
-6.207315e+00,-7.978307e+00,2.389898e+00,-6.197569e+00,5.320185e+00,-1.272683e+01,3.202850e+01,-1.099432e-01,-1.315431e+01,-3.808126e+01,4.379186e+01,1.117645e+02,-2.515773e+02,0,0,-6.207315e+00,7.978307e+00,-2.389898e+00,-2.229201e+01,3.339103e+00,-1.234749e+01,1.965273e+01,-3.927689e+00,-8.062948e+00,-5.636478e+01,4.173523e+01,1.259826e+02,-2.464254e+02,0,0
-6.197634e+00,-7.465485e+00,2.627187e+00,-6.180805e+00,5.342692e+00,-1.436794e+01,3.182739e+01,-2.405040e-01,-1.422022e+01,-3.929441e+01,4.525812e+01,1.122854e+02,-2.511684e+02,0,0,-6.197634e+00,7.465485e+00,-2.627187e+00,-2.161213e+01,3.784320e+00,-1.250790e+01,1.924102e+01,-4.482750e+00,-8.622179e+00,-5.719601e+01,4.229598e+01,1.269716e+02,-2.458970e+02,0,0
-6.207315e+00,-7.978307e+00,2.389898e+00,-6.196554e+00,5.579664e+00,-1.508156e+01,3.120892e+01,-6.525901e-01,-1.470765e+01,-4.127939e+01,4.599566e+01,1.141856e+02,-2.502703e+02,0,0,-6.207315e+00,7.978307e+00,-2.389898e+00,-2.085238e+01,3.697501e+00,-1.409926e+01,1.892675e+01,-4.746522e+00,-9.489904e+00,-5.800827e+01,4.398904e+01,1.269551e+02,-2.465682e+02,0,0
-6.205963e+00,-8.499062e+00,2.152230e+00,-6.736224e+00,5.966428e+00,-1.587319e+01,3.059571e+01,-1.066922e+00,-1.522368e+01,-4.212243e+01,4.675511e+01,1.152434e+02,-2.484190e+02,0,0,-6.205963e+00,8.499062e+00,-2.152230e+00,-2.050929e+01,3.938111e+00,-1.512718e+01,1.862749e+01,-5.013464e+00,-1.048923e+01,-6.004016e+01,4.506975e+01,1.287226e+02,-2.447246e+02,0,0
-6.205963e+00,-8.499062e+00,2.152230e+00,-6.662500e+00,5.948523e+00,-1.496521e+01,3.022530e+01,-8.217824e-01,-1.598813e+01,-4.331006e+01,4.793781e+01,1.155428e+02,-2.479184e+02,0,0,-6.205963e+00,8.499062e+00,-2.152230e+00,-2.023836e+01,4.087436e+00,-1.283884e+01,1.867704e+01,-5.060972e+00,-1.077784e+01,-6.106197e+01,4.546887e+01,1.300882e+02,-2.425355e+02,0,0
-5.577584e+00,-8.702768e+00,2.670372e+00,-6.539329e+00,6.297844e+00,-1.615430e+01,2.930061e+01,-1.584079e+00,-1.707440e+01,-4.477792e+01,4.891070e+01,1.163228e+02,-2.472275e+02,0,0,-5.577584e+00,8.702768e+00,-2.670372e+00,-1.952673e+01,4.641910e+00,-1.616353e+01,1.838533e+01,-4.853368e+00,-1.149578e+01,-6.163538e+01,4.656460e+01,1.305761e+02,-2.423496e+02,0,0
-5.612067e+00,-8.728884e+00,2.694857e+00,-5.870884e+00,7.565416e+00,-1.818674e+01,2.857602e+01,-8.892832e-01,-1.765588e+01,-4.520355e+01,4.924190e+01,1.161587e+02,-2.473737e+02,0,0,-5.612067e+00,8.728884e+00,-2.694857e+00,-1.875688e+01,5.282090e+00,-1.703754e+01,1.851109e+01,-5.361785e+00,-1.196322e+01,-6.173229e+01,4.699854e+01,1.310393e+02,-2.428907e+02,0,0
-5.610385e+00,-8.732988e+00,2.694176e+00,-5.840970e+00,7.286678e+00,-1.852972e+01,2.883395e+01,-8.608595e-01,-1.816426e+01,-4.462380e+01,4.955636e+01,1.157299e+02,-2.473686e+02,0,0,-5.610385e+00,8.732988e+00,-2.694176e+00,-1.861127e+01,5.283161e+00,-1.658659e+01,1.851185e+01,-5.431422e+00,-1.206250e+01,-6.171979e+01,4.710543e+01,1.300488e+02,-2.430396e+02,0,0
-5.610385e+00,-8.732988e+00,2.694176e+00,-5.733183e+00,7.696745e+00,-1.737762e+01,2.883395e+01,-8.608595e-01,-1.816426e+01,-4.484315e+01,4.967371e+01,1.158713e+02,-2.475398e+02,0,0,-5.610385e+00,8.732988e+00,-2.694176e+00,-1.858230e+01,5.275689e+00,-1.696707e+01,1.851185e+01,-5.431422e+00,-1.206250e+01,-6.244291e+01,4.772511e+01,1.308353e+02,-2.419331e+02,0,0
-5.491842e+00,-8.999782e+00,3.211130e+00,-5.520045e+00,7.204551e+00,-1.831103e+01,2.874181e+01,-1.387097e+00,-1.768920e+01,-4.522050e+01,4.895624e+01,1.166688e+02,-2.472013e+02,0,0,-5.491842e+00,8.999782e+00,-3.211130e+00,-1.925596e+01,6.008652e+00,-1.599127e+01,1.771434e+01,-5.071059e+00,-1.245172e+01,-6.257139e+01,4.789933e+01,1.307928e+02,-2.417425e+02,0,0
-3.613328e+00,-8.611090e+00,4.000673e+00,-4.871352e+00,6.712360e+00,-1.890014e+01,2.908646e+01,-2.174814e+00,-1.864443e+01,-4.603259e+01,4.921289e+01,1.183500e+02,-2.459391e+02,0,0,-3.613328e+00,8.611090e+00,-4.000673e+00,-1.936263e+01,5.986870e+00,-1.718698e+01,1.703833e+01,-5.703374e+00,-1.302144e+01,-6.392012e+01,4.800361e+01,1.307735e+02,-2.412524e+02,0,0
-3.420606e+00,-8.571860e+00,5.288546e+00,-5.734585e+00,6.232386e+00,-1.802415e+01,2.988189e+01,-1.473019e+00,-1.764513e+01,-4.511461e+01,4.850932e+01,1.172742e+02,-2.466168e+02,0,0,-3.420606e+00,8.571860e+00,-5.288546e+00,-1.918194e+01,5.268418e+00,-1.833768e+01,1.752768e+01,-6.951836e+00,-1.312505e+01,-6.496396e+01,4.814001e+01,1.323956e+02,-2.401065e+02,0,0
-3.955352e+00,-8.602465e+00,5.307215e+00,-6.148480e+00,6.456892e+00,-1.727974e+01,2.975490e+01,-1.318359e+00,-1.732438e+01,-4.511203e+01,4.850935e+01,1.166222e+02,-2.470303e+02,0,0,-3.955352e+00,8.602465e+00,-5.307215e+00,-1.928231e+01,4.840392e+00,-1.829324e+01,1.768217e+01,-6.754800e+00,-1.309183e+01,-6.530413e+01,4.785486e+01,1.321951e+02,-2.398220e+02,0,0
-3.518549e+00,-8.343846e+00,4.761438e+00,-6.180943e+00,7.375554e+00,-1.954793e+01,2.849325e+01,-1.051344e+00,-1.859406e+01,-4.730330e+01,4.963324e+01,1.181651e+02,-2.452636e+02,0,0,-3.518549e+00,8.343846e+00,-4.761438e+00,-1.902057e+01,4.949525e+00,-1.774425e+01,1.702429e+01,-6.834301e+00,-1.319743e+01,-6.710756e+01,4.783297e+01,1.336390e+02,-2.376291e+02,0,0
-2.745313e+00,-8.359975e+00,4.747359e+00,-5.993133e+00,7.455938e+00,-1.932283e+01,2.782545e+01,-1.914849e+00,-1.950559e+01,-4.961733e+01,5.012197e+01,1.203872e+02,-2.443286e+02,0,0,-2.745313e+00,8.359975e+00,-4.747359e+00,-1.968960e+01,5.227212e+00,-1.775481e+01,1.603794e+01,-7.142763e+00,-1.380364e+01,-6.784890e+01,4.821233e+01,1.344460e+02,-2.366685e+02,0,0
-2.293037e+00,-8.677435e+00,3.959716e+00,-6.229084e+00,7.146769e+00,-2.094259e+01,2.715586e+01,-2.693874e+00,-2.058231e+01,-4.903020e+01,5.092251e+01,1.191520e+02,-2.500819e+02,0,0,-2.293037e+00,8.677435e+00,-3.959716e+00,-1.972048e+01,4.446191e+00,-1.999143e+01,1.557623e+01,-7.541466e+00,-1.364327e+01,-6.945407e+01,4.876195e+01,1.362238e+02,-2.366899e+02,0,0
-2.386133e+00,-8.449043e+00,3.434640e+00,-6.556631e+00,7.471938e+00,-2.118160e+01,2.639520e+01,-2.774759e+00,-2.060425e+01,-4.958438e+01,5.168194e+01,1.193097e+02,-2.502678e+02,0,0,-2.386133e+00,8.449043e+00,-3.434640e+00,-1.934895e+01,4.439986e+00,-1.867393e+01,1.586215e+01,-7.477773e+00,-1.364607e+01,-6.946623e+01,4.877570e+01,1.367190e+02,-2.351749e+02,0,0
-2.406898e+00,-8.466127e+00,3.466082e+00,-6.982773e+00,7.152538e+00,-2.100331e+01,2.642713e+01,-2.795454e+00,-2.047161e+01,-5.014225e+01,5.140430e+01,1.193410e+02,-2.497944e+02,0,0,-2.406898e+00,8.466127e+00,-3.466082e+00,-1.930880e+01,4.616755e+00,-1.875699e+01,1.586018e+01,-7.989408e+00,-1.360532e+01,-7.005466e+01,4.852720e+01,1.371224e+02,-2.348947e+02,0,0
-2.394804e+00,-8.499664e+00,3.451962e+00,-6.995125e+00,7.268116e+00,-2.069862e+01,2.646055e+01,-2.785630e+00,-2.048759e+01,-5.030040e+01,5.143698e+01,1.198685e+02,-2.493368e+02,0,0,-2.394804e+00,8.499664e+00,-3.451962e+00,-1.951187e+01,4.366056e+00,-1.861025e+01,1.582525e+01,-8.007415e+00,-1.361057e+01,-6.990115e+01,4.859637e+01,1.369922e+02,-2.349563e+02,0,0
-1.877385e+00,-8.433763e+00,3.452818e+00,-7.443173e+00,7.468051e+00,-2.132440e+01,2.630137e+01,-2.755335e+00,-1.921196e+01,-4.918317e+01,4.791759e+01,1.189924e+02,-2.454698e+02,0,0,-1.877385e+00,8.433763e+00,-3.452818e+00,-1.972242e+01,4.188508e+00,-1.913921e+01,1.615160e+01,-7.490890e+00,-1.308229e+01,-6.866133e+01,4.747359e+01,1.364188e+02,-2.360737e+02,0,0
-1.541968e+00,-8.661431e+00,3.995521e+00,-7.161092e+00,7.992324e+00,-1.476715e+01,2.796912e+01,-1.886380e+00,-1.626533e+01,-4.633217e+01,4.184476e+01,1.135433e+02,-2.522642e+02,0,0,-1.541968e+00,8.661431e+00,-3.995521e+00,-1.978441e+01,4.720281e+00,-1.730311e+01,1.743446e+01,-6.414526e+00,-1.199296e+01,-6.597056e+01,4.553190e+01,1.328966e+02,-2.403641e+02,0,0
-1.541968e+00,-8.661431e+00,3.995521e+00,-8.427898e+00,8.961641e+00,-1.205646e+01,2.929340e+01,-9.718122e-02,-1.295421e+01,-3.931139e+01,3.517898e+01,1.015075e+02,-2.662863e+02,0,0,-1.541968e+00,8.661431e+00,-3.995521e+00,-1.955434e+01,4.254264e+00,-1.265741e+01,1.970840e+01,-4.434241e+00,-8.664298e+00,-5.929104e+01,4.235234e+01,1.277598e+02,-2.463727e+02,0,0
-1.671073e+00,-9.346412e+00,4.287310e+00,-8.611930e+00,8.443719e+00,-6.830337e+00,3.129938e+01,1.497427e+00,-8.223461e+00,-2.381441e+01,2.936834e+01,8.525651e+01,-2.788744e+02,0,0,-1.671073e+00,9.346412e+00,-4.287310e+00,-2.053384e+01,4.563427e+00,-1.088841e+01,2.100893e+01,-2.800643e+00,-6.657382e+00,-5.067616e+01,4.189163e+01,1.183126e+02,-2.555536e+02,0,0
-8.089576e-01,-9.117132e+00,5.076274e+00,-1.004257e+01,7.332277e+00,-5.090081e+00,3.172856e+01,1.993570e+00,-4.421063e+00,-4.591409e+00,2.528786e+01,6.681542e+01,-3.119705e+02,0,0,-8.089576e-01,9.117132e+00,-5.076274e+00,-2.095455e+01,5.999061e+00,-5.814570e+00,2.309793e+01,1.141540e+00,-3.070499e+00,-3.690129e+01,3.865370e+01,1.029372e+02,-2.732964e+02,0,0
3.739221e-01,-8.872610e+00,4.510830e+00,-1.287255e+01,8.075067e+00,-3.125130e+00,3.009850e+01,2.943134e+00,-2.973913e+00,1.589330e+01,2.468414e+01,4.323804e+01,-3.362875e+02,0,0,3.739221e-01,8.872610e+00,-4.510830e+00,-2.270455e+01,3.587638e+00,-4.756923e+00,2.397835e+01,4.581992e-01,-8.531977e-01,-2.226715e+01,3.003733e+01,8.246148e+01,-2.960448e+02,0,0
-6.815775e-01,-9.759715e+00,2.214836e+00,-1.305768e+01,9.426188e+00,-2.561124e+00,2.940509e+01,5.290267e+00,-3.278816e+00,3.164242e+01,2.658803e+01,2.517830e+01,-3.535971e+02,0,0,-6.815775e-01,9.759715e+00,-2.214836e+00,-2.249609e+01,1.250421e+00,-6.559561e+00,2.508946e+01,-2.164932e+00,-5.430114e-01,-3.778246e+00,2.223093e+01,5.176079e+01,-3.300528e+02,0,0
-7.220717e-01,-1.091469e+01,4.265271e-01,-1.380056e+01,1.096610e+01,-2.360714e-01,2.775537e+01,8.999560e+00,-4.135897e+00,4.284739e+01,2.811097e+01,6.164216e+00,-3.743301e+02,0,0,-7.220717e-01,1.091469e+01,-4.265271e-01,-2.379518e+01,9.604315e-01,-5.402481e+00,2.272401e+01,-1.967951e+00,-1.768261e+00,1.191290e+01,2.046866e+01,2.342507e+01,-3.554974e+02,0,0
-1.912141e+00,-1.166804e+01,7.159959e-01,-1.542257e+01,1.044066e+01,2.471728e+00,2.501908e+01,1.112733e+01,-3.314406e+00,5.367035e+01,2.867766e+01,-1.081762e+01,-2.343271e+02,0,0,-1.912141e+00,1.166804e+01,-7.159959e-01,-2.490161e+01,2.458388e+00,-3.955416e+00,1.969493e+01,2.337153e+00,-3.445975e+00,1.887953e+01,2.190412e+01,1.205631e+01,-3.665422e+02,0,0
-1.814040e+00,-1.188617e+01,1.250220e+00,-1.558126e+01,1.106822e+01,2.233313e+00,2.539270e+01,1.198441e+01,-4.252918e+00,5.806327e+01,2.939281e+01,-1.869445e+01,-2.433688e+02,0,0,-1.814040e+00,1.188617e+01,-1.250220e+00,-2.615890e+01,3.924906e+00,-3.414037e+00,1.900839e+01,3.352002e+00,-3.859170e+00,2.383083e+01,2.303530e+01,5.693345e+00,-3.716936e+02,0,0
-1.654812e+00,-1.156323e+01,2.032621e+00,-1.566025e+01,1.054606e+01,2.014207e+00,2.500471e+01,1.174660e+01,-4.161293e+00,5.797675e+01,2.954266e+01,-1.932287e+01,-2.434177e+02,0,0,-1.654812e+00,1.156323e+01,-2.032621e+00,-2.630680e+01,4.799084e+00,-3.160707e+00,1.860364e+01,3.989842e+00,-4.486752e+00,2.738044e+01,2.458765e+01,1.790914e+00,-3.739245e+02,0,0
-1.137005e+00,-1.149784e+01,2.032727e+00,-1.544374e+01,1.094830e+01,1.685542e+00,2.510784e+01,1.171620e+01,-4.820014e+00,5.630468e+01,2.949379e+01,-1.693319e+01,-2.422561e+02,0,0,-1.137005e+00,1.149784e+01,-2.032727e+00,-2.596520e+01,4.936927e+00,-3.722453e+00,1.914164e+01,3.727576e+00,-4.745342e+00,2.823095e+01,2.382382e+01,8.615115e-01,-3.749716e+02,0,0
-1.137005e+00,-1.149784e+01,2.032727e+00,-1.521802e+01,1.071671e+01,1.653516e+00,2.506022e+01,1.167031e+01,-4.716101e+00,5.628061e+01,2.939550e+01,-1.463052e+01,-2.396476e+02,0,0,-1.137005e+00,1.149784e+01,-2.032727e+00,-2.565982e+01,4.801229e+00,-3.793248e+00,1.916606e+01,3.725670e+00,-4.872784e+00,2.848095e+01,2.365368e+01,6.198509e-01,-3.749625e+02,0,0
-2.377594e+00,-1.045610e+01,2.505562e+00,-1.561282e+01,9.073523e+00,2.060631e+00,2.579944e+01,1.109129e+01,-3.920687e+00,5.674305e+01,2.920590e+01,-1.040674e+01,-2.371494e+02,0,0,-2.377594e+00,1.045610e+01,-2.505562e+00,-2.583437e+01,4.281284e+00,-3.171793e+00,1.979041e+01,4.239335e+00,-4.419635e+00,2.864986e+01,2.508082e+01,3.079444e+00,-3.723588e+02,0,0
-4.105038e+00,-1.022854e+01,3.290409e+00,-1.484001e+01,6.575235e+00,2.321514e+00,2.818901e+01,9.456113e+00,-2.136267e+00,5.886988e+01,2.893117e+01,-2.749813e+00,-3.857477e+02,0,0,-4.105038e+00,1.022854e+01,-3.290409e+00,-2.674780e+01,4.697511e+00,-1.636746e+00,2.013363e+01,5.777709e+00,-3.932598e+00,2.718304e+01,2.726314e+01,9.022129e+00,-3.674529e+02,0,0
-2.707640e+00,-9.395925e+00,4.280799e+00,-1.429574e+01,5.652189e+00,6.882295e-01,2.857831e+01,7.954760e+00,-2.157057e+00,5.519194e+01,2.598371e+01,6.031616e+00,-3.784674e+02,0,0,-2.707640e+00,9.395925e+00,-4.280799e+00,-2.684914e+01,4.377515e+00,-1.369853e+00,1.948641e+01,5.941474e+00,-4.155666e+00,2.213324e+01,2.779793e+01,1.936589e+01,-3.623598e+02,0,0
-3.482736e+00,-8.863255e+00,4.528438e+00,-1.341807e+01,6.216281e+00,7.181941e-01,2.851486e+01,7.251191e+00,-2.655022e+00,4.135353e+01,2.231066e+01,2.199199e+01,-3.592736e+02,0,0,-3.482736e+00,8.863255e+00,-4.528438e+00,-2.547543e+01,4.013354e+00,-1.822877e+00,2.045503e+01,5.419252e+00,-4.253800e+00,1.141528e+01,2.638546e+01,3.447723e+01,-3.456776e+02,0,0
-3.114112e+00,-9.708350e+00,4.805964e+00,-1.196276e+01,7.367539e+00,-1.292439e+00,2.934426e+01,6.145140e+00,-4.927717e+00,1.913598e+01,1.980777e+01,4.841151e+01,-3.290204e+02,0,0,-3.114112e+00,9.708350e+00,-4.805964e+00,-2.547492e+01,3.911346e+00,-4.042834e+00,2.044652e+01,2.582026e+00,-4.558182e+00,-1.025475e+01,2.652062e+01,5.784559e+01,-3.191044e+02,0,0
-2.605034e+00,-9.121863e+00,5.039437e+00,-1.015148e+01,8.091446e+00,-4.491220e+00,2.958593e+01,4.570327e+00,-6.804633e+00,-6.636913e+00,2.120479e+01,7.555719e+01,-2.955087e+02,0,0,-2.605034e+00,9.121863e+00,-5.039437e+00,-2.367279e+01,4.897995e+00,-5.267925e+00,2.081156e+01,1.360473e+00,-5.113126e+00,-2.685237e+01,3.078085e+01,7.746854e+01,-2.968797e+02,0,0
-2.519565e+00,-9.372678e+00,5.617000e+00,-8.367181e+00,8.433261e+00,-8.834968e+00,2.942827e+01,3.260176e+00,-9.309847e+00,-2.367611e+01,2.476142e+01,9.181032e+01,-2.770205e+02,0,0,-2.519565e+00,9.372678e+00,-5.617000e+00,-2.346672e+01,6.697865e+00,-5.714419e+00,2.028241e+01,1.835507e+00,-5.448963e+00,-3.864189e+01,3.463345e+01,9.099793e+01,-2.840978e+02,0,0
-3.010667e+00,-9.432782e+00,5.564119e+00,-8.261203e+00,8.758603e+00,-8.778409e+00,2.858599e+01,3.205899e+00,-1.090051e+01,-3.472097e+01,2.951555e+01,9.963927e+01,-2.676049e+02,0,0,-3.010667e+00,9.432782e+00,-5.564119e+00,-2.302404e+01,8.230989e+00,-7.815293e+00,1.888611e+01,2.038779e+00,-7.185861e+00,-4.828939e+01,3.790188e+01,1.033134e+02,-2.692591e+02,0,0
-3.097606e+00,-1.022897e+01,4.572734e+00,-8.134714e+00,9.434292e+00,-1.114931e+01,2.863857e+01,3.819975e+00,-1.263899e+01,-3.883621e+01,3.493572e+01,1.034457e+02,-2.685610e+02,0,0,-3.097606e+00,1.022897e+01,-4.572734e+00,-2.278898e+01,8.863047e+00,-8.961652e+00,1.728621e+01,1.590752e+00,-9.415822e+00,-5.699717e+01,3.869483e+01,1.150099e+02,-2.584899e+02,0,0
-3.086697e+00,-1.074386e+01,4.340005e+00,-7.021746e+00,9.421192e+00,-1.213308e+01,2.782964e+01,3.531526e+00,-1.447928e+01,-4.328520e+01,3.962188e+01,1.072568e+02,-2.642957e+02,0,0,-3.086697e+00,1.074386e+01,-4.340005e+00,-2.265163e+01,8.332876e+00,-1.218636e+01,1.572725e+01,1.147267e-01,-1.052750e+01,-6.324381e+01,4.057172e+01,1.221207e+02,-2.500047e+02,0,0
-3.081640e+00,-1.023954e+01,4.572968e+00,-6.771177e+00,8.876938e+00,-1.441443e+01,2.724393e+01,2.513141e+00,-1.618058e+01,-4.663188e+01,4.359655e+01,1.122614e+02,-2.571639e+02,0,0,-3.081640e+00,1.023954e+01,-4.572968e+00,-2.173965e+01,8.474071e+00,-1.369704e+01,1.549196e+01,-4.087520e-01,-1.218949e+01,-6.644742e+01,4.396259e+01,1.259228e+02,-2.490296e+02,0,0
-2.584221e+00,-1.014732e+01,4.574196e+00,-6.652758e+00,8.844102e+00,-1.699885e+01,2.652671e+01,1.345673e+00,-1.816803e+01,-4.939450e+01,4.632111e+01,1.156237e+02,-2.540690e+02,0,0,-2.584221e+00,1.014732e+01,-4.574196e+00,-2.094097e+01,8.657566e+00,-1.668039e+01,1.486720e+01,-1.925766e+00,-1.452315e+01,-6.810615e+01,4.716642e+01,1.306902e+02,-2.414901e+02,0,0
-2.584221e+00,-1.014732e+01,4.574196e+00,-5.741711e+00,8.713980e+00,-1.943632e+01,2.587015e+01,3.190969e-01,-1.946894e+01,-5.043272e+01,4.925961e+01,1.157930e+02,-2.529141e+02,0,0,-2.584221e+00,1.014732e+01,-4.574196e+00,-2.076366e+01,8.431480e+00,-1.781416e+01,1.442807e+01,-3.184747e+00,-1.495161e+01,-6.909143e+01,4.989982e+01,1.292001e+02,-2.436495e+02,0,0
-2.622230e+00,-9.106343e+00,5.040461e+00,-6.085299e+00,7.865829e+00,-2.065979e+01,2.472593e+01,-1.173957e+00,-2.013502e+01,-5.326658e+01,5.015251e+01,1.179571e+02,-2.507734e+02,0,0,-2.622230e+00,9.106343e+00,-5.040461e+00,-2.035421e+01,8.641540e+00,-1.843095e+01,1.431836e+01,-2.788741e+00,-1.602606e+01,-6.882158e+01,5.178943e+01,1.306480e+02,-2.422872e+02,0,0
-2.215105e+00,-8.869602e+00,4.538118e+00,-6.339106e+00,7.928495e+00,-2.105730e+01,2.452536e+01,-8.316145e-01,-2.067463e+01,-5.364128e+01,5.097636e+01,1.187586e+02,-2.498097e+02,0,0,-2.215105e+00,8.869602e+00,-4.538118e+00,-1.984424e+01,8.111281e+00,-2.010841e+01,1.407747e+01,-4.100522e+00,-1.686359e+01,-6.937892e+01,5.332284e+01,1.326513e+02,-2.402980e+02,0,0
-2.733099e+00,-8.940917e+00,4.537914e+00,-5.818165e+00,7.867054e+00,-2.130574e+01,2.479208e+01,-1.164626e+00,-2.064007e+01,-5.317432e+01,5.187870e+01,1.180722e+02,-2.504261e+02,0,0,-2.733099e+00,8.940917e+00,-4.537914e+00,-2.019616e+01,8.131477e+00,-1.946913e+01,1.413142e+01,-3.880430e+00,-1.660231e+01,-6.818817e+01,5.337457e+01,1.311140e+02,-2.402490e+02,0,0
-2.724938e+00,-8.874787e+00,4.514892e+00,-5.653823e+00,7.643960e+00,-2.162102e+01,2.467765e+01,-1.104434e+00,-2.111062e+01,-5.296418e+01,5.222268e+01,1.174233e+02,-2.524021e+02,0,0,-2.724938e+00,8.874787e+00,-4.514892e+00,-1.979706e+01,7.638105e+00,-2.007153e+01,1.422523e+01,-3.985634e+00,-1.686609e+01,-6.764086e+01,5.414604e+01,1.315803e+02,-2.412355e+02,0,0
-2.723756e+00,-8.880573e+00,4.513777e+00,-5.968457e+00,7.858967e+00,-2.160373e+01,2.468717e+01,-1.150294e+00,-2.096379e+01,-5.306031e+01,5.162558e+01,1.176565e+02,-2.518744e+02,0,0,-2.723756e+00,8.880573e+00,-4.513777e+00,-1.999461e+01,7.456200e+00,-2.059206e+01,1.426980e+01,-4.522724e+00,-1.698505e+01,-6.899157e+01,5.372550e+01,1.324755e+02,-2.404712e+02,0,0
-2.220675e+00,-8.360222e+00,4.773169e+00,-6.176395e+00,8.060501e+00,-2.150824e+01,2.420586e+01,-1.003577e+00,-2.113491e+01,-5.351493e+01,5.205269e+01,1.179818e+02,-2.508786e+02,0,0,-2.220675e+00,8.360222e+00,-4.773169e+00,-1.978343e+01,7.822206e+00,-2.082493e+01,1.418433e+01,-4.455745e+00,-1.757612e+01,-6.866526e+01,5.413068e+01,1.326077e+02,-2.406400e+02,0,0
-2.220675e+00,-8.360222e+00,4.773169e+00,-6.538503e+00,7.827021e+00,-2.104228e+01,2.424412e+01,-1.537635e+00,-2.107682e+01,-5.432843e+01,5.233378e+01,1.184552e+02,-2.500396e+02,0,0,-2.220675e+00,8.360222e+00,-4.773169e+00,-1.980654e+01,7.832879e+00,-2.079391e+01,1.436860e+01,-4.529460e+00,-1.733816e+01,-6.814515e+01,5.411803e+01,1.322692e+02,-2.399266e+02,0,0
-2.215105e+00,-8.869602e+00,4.538118e+00,-6.404854e+00,7.647473e+00,-2.129157e+01,2.456294e+01,-1.366267e+00,-2.061882e+01,-5.362857e+01,5.053564e+01,1.183467e+02,-2.510862e+02,0,0,-2.215105e+00,8.869602e+00,-4.538118e+00,-1.967055e+01,7.727862e+00,-1.963472e+01,1.459281e+01,-3.988132e+00,-1.662629e+01,-6.814217e+01,5.314654e+01,1.320467e+02,-2.421398e+02,0,0
-2.216151e+00,-8.863895e+00,4.539247e+00,-6.938184e+00,7.919693e+00,-1.924677e+01,2.465493e+01,-1.175094e+00,-1.921625e+01,-5.236651e+01,4.696879e+01,1.167023e+02,-2.534077e+02,0,0,-2.216151e+00,8.863895e+00,-4.539247e+00,-1.976848e+01,8.175377e+00,-1.844066e+01,1.511094e+01,-3.430508e+00,-1.534973e+01,-6.680101e+01,5.119671e+01,1.307265e+02,-2.426928e+02,0,0
-2.215105e+00,-8.869602e+00,4.538118e+00,-7.112336e+00,9.148200e+00,-1.669892e+01,2.672779e+01,2.105738e-01,-1.642059e+01,-4.850039e+01,4.258914e+01,1.115876e+02,-2.601308e+02,0,0,-2.215105e+00,8.869602e+00,-4.538118e+00,-1.973467e+01,8.160682e+00,-1.658600e+01,1.576331e+01,-3.183684e+00,-1.308957e+01,-6.487200e+01,4.868324e+01,1.288853e+02,-2.455721e+02,0,0
-2.095850e+00,-9.112226e+00,5.066581e+00,-8.893203e+00,1.032843e+01,-1.145690e+01,2.674207e+01,2.680710e+00,-1.242248e+01,-4.390826e+01,3.727282e+01,1.030676e+02,-2.709278e+02,0,0,-2.095850e+00,9.112226e+00,-5.066581e+00,-1.986214e+01,8.082461e+00,-1.450327e+01,1.709874e+01,-1.470651e+00,-1.209526e+01,-6.232222e+01,4.694591e+01,1.253567e+02,-2.472647e+02,0,0
-2.063328e+00,-9.669624e+00,4.814241e+00,-8.226808e+00,1.097681e+01,-8.544422e+00,2.796967e+01,4.510165e+00,-1.110493e+01,-3.758496e+01,3.309324e+01,9.662519e+01,-2.810196e+02,0,0,-2.063328e+00,9.669624e+00,-4.814241e+00,-1.950427e+01,8.679243e+00,-1.219716e+01,1.851388e+01,-4.299924e-01,-1.008318e+01,-5.683790e+01,4.407304e+01,1.196782e+02,-2.563020e+02,0,0
-1.405953e+00,-1.045097e+01,3.819129e+00,-7.905461e+00,1.246323e+01,-7.086943e+00,2.965975e+01,6.246127e+00,-1.090120e+01,-2.761002e+01,3.017330e+01,8.607671e+01,-2.881860e+02,0,0,-1.405953e+00,1.045097e+01,-3.819129e+00,-1.934174e+01,8.288663e+00,-1.100141e+01,2.056912e+01,1.393446e-01,-9.054954e+00,-5.028018e+01,4.159297e+01,1.122142e+02,-2.639568e+02,0,0
-4.106426e+00,-1.074133e+01,3.053585e+00,-1.046170e+01,1.164565e+01,-4.298699e+00,2.916612e+01,7.468876e+00,-7.232664e+00,-1.463482e+01,2.375016e+01,6.385323e+01,-3.125278e+02,0,0,-4.106426e+00,1.074133e+01,-3.053585e+00,-2.060653e+01,6.509974e+00,-7.383640e+00,2.116781e+01,2.132251e+00,-5.458033e+00,-4.032396e+01,3.669873e+01,9.944719e+01,-2.777353e+02,0,0
-6.129652e+00,-1.028818e+01,1.965539e+00,-1.167219e+01,7.125531e+00,-3.513258e+00,2.805233e+01,5.175944e+00,-5.097064e+00,6.531145e+00,1.769336e+01,3.441356e+01,-3.459980e+02,0,0,-6.129652e+00,1.028818e+01,-1.965539e+00,-2.320561e+01,5.201218e+00,-2.167317e+00,2.185437e+01,3.383107e+00,-2.477873e+00,-2.646462e+01,2.715433e+01,6.786233e+01,-3.122047e+02,0,0
-5.620527e+00,-1.040641e+01,6.706617e-01,-1.174484e+01,6.445016e+00,-7.999306e-01,2.772970e+01,5.560036e+00,-4.100864e+00,3.947284e+01,1.568981e+01,-3.828790e+00,-3.868126e+02,0,0,-5.620527e+00,1.040641e+01,-6.706617e-01,-2.501482e+01,3.316415e+00,-1.037905e+00,2.125839e+01,3.054054e+00,-5.110301e-01,9.445686e-01,2.025435e+01,2.273430e+01,-3.545300e+02,0,0
-2.603061e+00,-1.005321e+01,1.428034e+00,-9.678101e+00,5.443771e+00,-2.843558e+00,2.832432e+01,4.767509e+00,-4.348457e+00,5.817629e+01,1.458766e+01,-2.687811e+01,-4.179349e+02,0,0,-2.603061e+00,1.005321e+01,-1.428034e+00,-2.495802e+01,3.367212e+00,-1.387369e+00,1.856563e+01,3.817238e+00,-2.388182e+00,1.301579e+01,1.729753e+01,1.995409e+00,-3.737066e+02,0,0
-5.492375e-01,-9.608798e+00,1.677602e+00,-1.166217e+01,5.760645e+00,-2.030523e+00,2.780856e+01,3.814846e+00,-3.332072e+00,6.772849e+01,2.276560e+01,-4.721532e+01,-4.359583e+02,0,0,-5.492375e-01,9.608798e+00,-1.677602e+00,-2.374269e+01,3.256947e+00,-3.415334e+00,1.885797e+01,3.052498e+00,-3.200349e+00,1.310451e+01,1.632694e+01,5.434600e+00,-3.670168e+02,0,0
8.377634e-01,-1.091633e+01,-8.815403e-01,-1.218345e+01,8.626287e+00,5.168188e-01,2.949838e+01,7.424195e+00,-3.780533e+00,7.455527e+01,3.918234e+01,-6.388378e+01,-4.529152e+02,0,0,8.377634e-01,1.091633e+01,8.815403e-01,-2.337509e+01,2.650383e+00,-4.501113e+00,1.976148e+01,2.258502e+00,-3.007369e+00,4.062677e+01,1.791990e+01,-3.749485e+00,-3.706563e+02,0,0
1.913695e+00,-1.383484e+01,-2.892483e+00,-1.110230e+01,1.116483e+01,-1.580755e-01,3.248454e+01,8.573794e+00,-5.511690e+00,8.134085e+01,4.326922e+01,-6.890235e+01,-4.605985e+02,0,0,1.913695e+00,1.383484e+01,2.892483e+00,-2.395262e+01,1.961000e+00,-3.086548e+00,2.143894e+01,2.033872e+00,-2.636708e+00,6.445688e+01,2.193684e+01,-7.991661e+00,-3.697195e+02,0,0
2.683823e+00,-1.299228e+01,-1.847714e+00,-1.068612e+01,9.733859e+00,-1.442569e+00,3.397675e+01,7.306596e+00,-5.673460e+00,8.721483e+01,4.522341e+01,-7.507225e+01,-4.705369e+02,0,0,2.683823e+00,1.299228e+01,1.847714e+00,-2.523167e+01,3.257523e+00,-4.570808e+00,2.049854e+01,3.849283e+00,-4.614963e+00,6.619442e+01,2.348046e+01,-6.603155e+00,-3.679940e+02,0,0
3.351592e+00,-1.141747e+01,-1.122509e+00,-8.953791e+00,8.847166e+00,-2.448127e+00,3.704371e+01,5.917917e+00,-4.782855e+00,8.817702e+01,4.853806e+01,-7.359448e+01,-4.726263e+02,0,0,3.351592e+00,1.141747e+01,1.122509e+00,-2.480251e+01,4.967936e+00,-3.630494e+00,2.067346e+01,4.230824e+00,-4.428628e+00,6.234851e+01,2.156436e+01,-6.090960e-01,-3.647845e+02,0,0
3.457690e+00,-1.040595e+01,-6.365168e-01,-9.448828e+00,7.987050e+00,-1.695685e+00,3.780836e+01,5.404991e+00,-5.176325e+00,8.966656e+01,4.992327e+01,-7.441154e+01,-4.693574e+02,0,0,3.457690e+00,1.040595e+01,6.365168e-01,-2.427307e+01,5.027416e+00,-3.527344e+00,2.177414e+01,4.069457e+00,-5.163718e+00,6.205331e+01,2.069966e+01,-2.201221e+00,-3.665587e+02,0,0
2.778442e+00,-1.059601e+01,-1.055872e-01,-9.287015e+00,7.088512e+00,-2.150306e+00,3.986704e+01,4.186554e+00,-4.253810e+00,9.520778e+01,4.973015e+01,-7.631817e+01,-4.744482e+02,0,0,2.778442e+00,1.059601e+01,1.055872e-01,-2.509516e+01,4.718464e+00,-1.986618e+00,2.213077e+01,4.917549e+00,-3.672166e+00,6.810055e+01,2.399275e+01,-8.268792e+00,-3.706130e+02,0,0
4.125921e+00,-9.032172e+00,6.181971e-01,-7.708747e+00,6.630683e+00,-3.582596e+00,4.213916e+01,1.902679e+00,-4.090493e+00,1.005207e+02,5.119065e+01,-7.858810e+01,-4.804988e+02,0,0,4.125921e+00,9.032172e+00,-6.181971e-01,-2.555315e+01,5.373099e+00,-1.665725e+00,2.270452e+01,4.850677e+00,-3.509230e+00,7.464578e+01,2.811473e+01,-1.344357e+01,-3.748673e+02,0,0
4.918581e+00,-8.545022e+00,8.612322e-01,-8.905950e+00,7.537627e+00,-4.760778e+00,4.148309e+01,2.075361e+00,-4.768003e+00,9.984379e+01,5.270233e+01,-8.110904e+01,-4.789588e+02,0,0,4.918581e+00,8.545022e+00,-8.612322e-01,-2.388317e+01,5.972276e+00,-2.557593e+00,2.299441e+01,3.526669e+00,-3.445266e+00,6.593876e+01,2.502286e+01,-6.846778e+00,-3.686213e+02,0,0
4.384495e+00,-9.110184e+00,6.210189e-01,-9.481280e+00,8.330859e+00,-3.889790e+00,4.170951e+01,2.634399e+00,-5.243427e+00,9.821504e+01,5.141553e+01,-7.095643e+01,-4.589229e+02,0,0,4.384495e+00,9.110184e+00,-6.210189e-01,-2.432099e+01,5.018529e+00,-2.543465e+00,2.367227e+01,2.924401e+00,-3.043994e+00,7.095134e+01,3.106873e+01,-1.219661e+01,-3.728015e+02,0,0
4.317779e+00,-9.507828e+00,1.670356e+00,-9.885705e+00,9.100304e+00,-5.222506e+00,4.303263e+01,7.149281e-01,-4.505918e+00,9.087507e+01,5.165598e+01,-3.396356e+01,-2.437713e+02,0,0,4.317779e+00,9.507828e+00,-1.670356e+00,-2.435709e+01,5.365456e+00,-2.966664e+00,2.405466e+01,3.313061e+00,-3.424394e+00,7.029472e+01,3.065584e+01,-1.439049e+01,-3.746047e+02,0,0
3.092763e+00,-7.973763e+00,2.405358e+00,-1.126650e+01,9.880416e+00,-4.842021e+00,4.275670e+01,5.656917e-01,-3.902589e+00,8.991790e+01,5.214281e+01,-2.453013e+01,-2.394406e+02,0,0,3.092763e+00,7.973763e+00,-2.405358e+00,-2.293398e+01,7.270173e+00,-1.399759e+00,2.721385e+01,4.546916e+00,-2.914238e+00,7.597100e+01,3.941107e+01,-1.486978e+01,-3.760935e+02,0,0
3.066653e+00,-8.485115e+00,2.146999e+00,-1.276341e+01,1.048647e+01,-4.235195e+00,4.144964e+01,2.142961e+00,-4.819572e+00,9.082836e+01,5.415475e+01,-2.816099e+01,-2.425340e+02,0,0,3.066653e+00,8.485115e+00,-2.146999e+00,-2.366096e+01,6.855734e+00,-3.162991e+00,2.729507e+01,4.215888e+00,-3.477039e+00,7.121688e+01,3.965622e+01,-1.298990e+01,-3.757411e+02,0,0
3.167777e+00,-8.716340e+00,2.696145e+00,-1.200496e+01,1.035225e+01,-2.301009e+00,4.227639e+01,2.715220e+00,-4.493285e+00,9.369143e+01,5.420474e+01,-2.804850e+01,-2.456094e+02,0,0,3.167777e+00,8.716340e+00,-2.696145e+00,-2.377745e+01,8.392560e+00,-3.642388e-02,2.894448e+01,5.149853e+00,-2.528334e+00,7.316595e+01,4.817385e+01,-8.446460e+00,-3.707477e+02,0,0
2.648830e+00,-8.758043e+00,2.684236e+00,-1.218189e+01,9.674444e+00,-3.895425e+00,4.239567e+01,2.516889e+00,-4.743794e+00,9.476282e+01,5.326628e+01,-3.022751e+01,-2.475098e+02,0,0,2.648830e+00,8.758043e+00,-2.684236e+00,-2.477443e+01,7.742947e+00,-1.877388e+00,2.780748e+01,4.998401e+00,-3.210375e+00,6.809546e+01,4.433792e+01,-7.596426e+00,-3.698401e+02,0,0
1.879829e+00,-8.719452e+00,2.696367e+00,-1.306712e+01,8.753190e+00,-1.605561e+00,4.120089e+01,3.472522e+00,-3.589005e+00,9.491906e+01,5.198057e+01,-2.703116e+01,-2.489918e+02,0,0,1.879829e+00,8.719452e+00,-2.696367e+00,-2.552205e+01,7.687832e+00,-1.236948e+00,2.634295e+01,6.076079e+00,-3.069818e+00,6.537935e+01,3.821887e+01,-4.488840e+00,-3.660056e+02,0,0
1.254843e+00,-9.050052e+00,1.910531e+00,-1.237565e+01,8.527790e+00,-3.033510e+00,3.912436e+01,3.309057e+00,-3.618082e+00,9.867447e+01,4.348005e+01,-4.220520e+01,-4.256908e+02,0,0,1.254843e+00,9.050052e+00,-1.910531e+00,-2.430002e+01,5.738852e+00,-2.906516e+00,2.448787e+01,3.506453e+00,-4.071932e+00,5.658469e+01,2.283144e+01,-1.819477e+01,-3.844332e+02,0,0
1.071585e+00,-8.556502e+00,8.622084e-01,-1.117786e+01,9.247008e+00,-4.340768e+00,3.732295e+01,2.431043e+00,-4.365192e+00,1.005018e+02,3.797675e+01,-5.488238e+01,-4.374203e+02,0,0,1.071585e+00,8.556502e+00,-8.622084e-01,-2.405709e+01,7.774234e+00,-3.652168e+00,2.080825e+01,6.109570e+00,-7.268097e+00,6.354327e+01,2.474886e+01,-5.499310e+01,-4.259514e+02,0,0
9.765039e-01,-8.311113e+00,3.346191e-01,-1.154150e+01,1.004266e+01,-4.070455e+00,3.707345e+01,3.625171e+00,-4.745000e+00,9.788600e+01,3.411447e+01,-3.174962e+01,-4.027515e+02,0,0,9.765039e-01,8.311113e+00,-3.346191e-01,-2.360576e+01,6.669727e+00,-3.938437e+00,2.165747e+01,4.518279e+00,-6.296192e+00,5.878717e+01,2.274475e+01,-2.861610e+01,-3.929457e+02,0,0
5.903999e-02,-9.594592e+00,-9.172467e-01,-1.119503e+01,8.177282e+00,-4.329280e+00,3.583095e+01,1.419532e+00,-4.909686e+00,1.040641e+02,2.873718e+01,-3.451449e+01,-4.073377e+02,0,0,5.903999e-02,9.594592e+00,9.172467e-01,-2.438153e+01,5.682401e+00,-5.447497e+00,2.059822e+01,3.268461e+00,-6.652959e+00,5.648100e+01,1.555467e+01,-1.687631e+01,-3.843556e+02,0,0
8.200119e-01,-9.639923e+00,-9.217669e-01,-1.055281e+01,7.288443e+00,-6.035693e+00,3.528224e+01,-1.685669e-01,-5.541211e+00,1.072120e+02,2.578640e+01,-3.786656e+01,-4.121493e+02,0,0,8.200119e-01,9.639923e+00,9.217669e-01,-2.433621e+01,5.475411e+00,-5.801367e+00,1.930381e+01,2.822395e+00,-7.335235e+00,5.047814e+01,1.184290e+01,-1.669360e+01,-3.787006e+02,0,0
6.826929e-01,-9.912271e+00,-1.695494e+00,-1.128729e+01,7.362868e+00,-7.886852e+00,3.539266e+01,2.749891e-01,-5.332804e+00,1.059862e+02,2.625076e+01,-3.636256e+01,-4.102152e+02,0,0,6.826929e-01,9.912271e+00,1.695494e+00,-2.482722e+01,5.077618e+00,-6.491287e+00,1.947578e+01,2.127777e+00,-6.756318e+00,5.210479e+01,1.189104e+01,-1.486031e+01,-3.789066e+02,0,0
-7.724622e-02,-9.867632e+00,-1.687622e+00,-1.204707e+01,6.314686e+00,-6.111221e+00,3.536489e+01,5.961773e-01,-4.641445e+00,1.060633e+02,2.690012e+01,-3.641332e+01,-4.105537e+02,0,0,-7.724622e-02,9.867632e+00,1.687622e+00,-2.494319e+01,4.139128e+00,-5.386744e+00,1.974758e+01,2.631196e+00,-6.005223e+00,5.337483e+01,1.271168e+01,-1.538670e+01,-3.801795e+02,0,0
-1.213032e-01,-1.038437e+01,-1.932470e+00,-1.208959e+01,5.617924e+00,-4.567998e+00,3.512939e+01,8.213519e-01,-5.234641e+00,1.063935e+02,2.724226e+01,-3.606856e+01,-4.108841e+02,0,0,-1.213032e-01,1.038437e+01,1.932470e+00,-2.512635e+01,4.198033e+00,-5.458786e+00,2.048426e+01,2.340020e+00,-5.748504e+00,5.306551e+01,1.239529e+01,-1.447356e+01,-3.806887e+02,0,0
-6.004950e-01,-9.906127e+00,-1.694407e+00,-1.354382e+01,3.840758e+00,-5.470739e+00,3.452014e+01,8.353259e-01,-3.937617e+00,1.044998e+02,2.834981e+01,-3.628459e+01,-4.082160e+02,0,0,-6.004950e-01,9.906127e+00,1.694407e+00,-2.549680e+01,3.600763e+00,-4.961846e+00,2.137974e+01,2.306886e+00,-5.060961e+00,5.281875e+01,1.277321e+01,-1.459268e+01,-3.816051e+02,0,0
-2.673450e+00,-7.726455e+00,1.861640e+00,-1.473841e+01,1.788008e+00,-1.335534e+00,3.138190e+01,2.838944e+00,-1.728323e+00,7.746119e+01,2.626899e+01,-2.718508e+01,-4.022603e+02,0,0,-2.673450e+00,7.726455e+00,-1.861640e+00,-2.645514e+01,4.330140e+00,-2.067714e+00,1.924637e+01,5.288637e+00,-4.859817e+00,2.717342e+01,2.160845e+01,-9.057780e+00,-3.820727e+02,0,0
-3.499596e+00,-6.946224e+00,4.167603e+00,-1.124939e+01,7.638104e+00,5.105711e-01,3.041171e+01,5.431572e+00,-2.338535e+00,4.192891e+01,2.658860e+01,1.570462e+01,-3.609204e+02,0,0,-3.499596e+00,6.946224e+00,-4.167603e+00,-2.347658e+01,8.367463e+00,-2.381951e+00,2.227834e+01,3.913861e+00,-3.619404e+00,1.222624e+01,3.362442e+01,2.698371e+01,-3.452750e+02,0,0
-4.581230e+00,-7.849999e+00,4.985717e+00,-7.062276e+00,5.827333e+00,-5.513499e+00,3.371110e+01,2.147319e+00,-6.857699e+00,-6.027089e-01,2.189196e+01,7.084258e+01,-3.016211e+02,0,0,-4.581230e+00,7.849999e+00,-4.985717e+00,-2.288354e+01,6.255159e+00,-6.466275e+00,2.234286e+01,9.676250e-01,-6.614848e+00,-2.415491e+01,2.981216e+01,8.595767e+01,-2.901899e+02,0,0
-4.143872e+00,-6.822345e+00,5.481245e+00,-4.586590e+00,1.051084e+01,-1.112005e+01,3.234271e+01,-1.683885e-01,-1.154241e+01,-3.761251e+01,2.598375e+01,1.104522e+02,-2.579365e+02,0,0,-4.143872e+00,6.822345e+00,-5.481245e+00,-2.157045e+01,1.170486e+01,-1.336684e+01,1.928993e+01,-9.405756e-01,-1.170811e+01,-5.249708e+01,3.635360e+01,1.123558e+02,-2.594887e+02,0,0
-2.423404e+00,-6.524339e+00,4.970352e+00,-4.107021e+00,1.074806e+01,-1.614149e+01,2.968878e+01,-1.936705e+00,-1.582997e+01,-5.558543e+01,3.326177e+01,1.277774e+02,-2.372386e+02,0,0,-2.423404e+00,6.524339e+00,-4.970352e+00,-1.930119e+01,1.280792e+01,-1.639245e+01,1.766216e+01,-2.288871e+00,-1.378443e+01,-6.232812e+01,4.164098e+01,1.210431e+02,-2.641591e+02,0,0
-2.352626e+00,-7.604064e+00,4.480060e+00,-4.322953e+00,7.033141e+00,-1.967393e+01,2.894282e+01,-2.564356e+00,-1.819608e+01,-5.668169e+01,3.882234e+01,1.286111e+02,-2.361688e+02,0,0,-2.352626e+00,7.604064e+00,-4.480060e+00,-1.786436e+01,8.440663e+00,-1.789635e+01,1.776450e+01,-4.612086e+00,-1.550510e+01,-6.629405e+01,4.807785e+01,1.344914e+02,-2.618562e+02,0,0
-2.306528e+00,-7.269183e+00,5.262953e+00,-3.290140e+00,7.676294e+00,-2.077524e+01,2.855133e+01,-3.685688e+00,-1.996765e+01,-5.757989e+01,4.298096e+01,1.281504e+02,-2.451816e+02,0,0,-2.306528e+00,7.269183e+00,-5.262953e+00,-1.738431e+01,7.844362e+00,-2.322493e+01,1.576148e+01,-6.521745e+00,-1.780937e+01,-7.019324e+01,5.248745e+01,1.400737e+02,-2.435786e+02,0,0
-3.630518e+00,-6.289303e+00,5.695359e+00,-2.630650e+00,9.607877e+00,-2.268099e+01,2.730287e+01,-4.300290e+00,-2.105377e+01,-5.860519e+01,4.606210e+01,1.292130e+02,-2.441562e+02,0,0,-3.630518e+00,6.289303e+00,-5.695359e+00,-1.738835e+01,1.125515e+01,-2.238064e+01,1.591519e+01,-6.922342e+00,-1.694420e+01,-7.183055e+01,5.233153e+01,1.418592e+02,-2.367159e+02,0,0
-3.404129e+00,-6.313259e+00,5.697225e+00,-2.522991e+00,9.703543e+00,-2.284211e+01,2.733330e+01,-4.381539e+00,-2.126174e+01,-5.815183e+01,4.560250e+01,1.295611e+02,-2.437654e+02,0,0,-3.404129e+00,6.313259e+00,-5.697225e+00,-1.730664e+01,1.095756e+01,-2.319929e+01,1.537380e+01,-7.112592e+00,-1.763956e+01,-7.190436e+01,5.353624e+01,1.416468e+02,-2.284348e+02,0,0
-2.889900e+00,-6.237598e+00,5.699792e+00,-2.182019e+00,9.975935e+00,-2.440350e+01,2.783528e+01,-4.761971e+00,-2.134970e+01,-5.872223e+01,4.563642e+01,1.301207e+02,-2.422179e+02,0,0,-2.889900e+00,6.237598e+00,-5.699792e+00,-1.681096e+01,1.171973e+01,-2.639567e+01,1.525599e+01,-7.242268e+00,-1.765244e+01,-7.212109e+01,5.308185e+01,1.424981e+02,-2.279010e+02,0,0
-2.872593e+00,-6.290284e+00,5.676812e+00,-2.352765e+00,9.694710e+00,-2.320751e+01,2.716042e+01,-4.816601e+00,-2.145949e+01,-5.940371e+01,4.564647e+01,1.310177e+02,-2.381647e+02,0,0,-2.872593e+00,6.290284e+00,-5.676812e+00,-1.716720e+01,1.161836e+01,-2.362118e+01,1.520123e+01,-7.269388e+00,-1.765743e+01,-7.193754e+01,5.337294e+01,1.418533e+02,-2.276806e+02,0,0
-2.856923e+00,-6.295860e+00,5.676964e+00,-4.929784e+00,1.034440e+01,-1.882982e+01,2.746913e+01,-2.925432e+00,-1.764408e+01,-5.505445e+01,3.811047e+01,1.221157e+02,-2.503844e+02,0,0,-2.856923e+00,6.295860e+00,-5.676964e+00,-1.679222e+01,1.168594e+01,-1.720379e+01,1.742370e+01,-4.494117e+00,-1.500065e+01,-6.633314e+01,4.923409e+01,1.352762e+02,-2.420753e+02,0,0
-2.340005e+00,-6.758080e+00,5.496371e+00,-5.235302e+00,1.287393e+01,-1.289230e+01,3.010377e+01,5.900879e-01,-1.214102e+01,-3.853168e+01,2.475392e+01,8.759293e+01,-2.918744e+02,0,0,-2.340005e+00,6.758080e+00,-5.496371e+00,-1.740200e+01,1.293546e+01,-1.258428e+01,2.014248e+01,2.512621e-01,-1.035757e+01,-5.249384e+01,3.896696e+01,1.100532e+02,-2.774218e+02,0,0
-1.554516e+00,-6.818723e+00,5.454770e+00,-6.107780e+00,1.206620e+01,-8.270411e+00,2.966566e+01,1.755778e+00,-9.299603e+00,-3.294063e+00,1.653946e+01,3.883951e+01,-3.413405e+02,0,0,-1.554516e+00,6.818723e+00,-5.454770e+00,-1.845256e+01,1.318071e+01,-6.872378e+00,2.087594e+01,2.917881e+00,-7.353458e+00,-2.873635e+01,2.969308e+01,5.853532e+01,-3.265064e+02,0,0
-1.943532e+00,-6.783109e+00,4.190964e+00,-8.484365e+00,1.047770e+01,-7.136158e+00,2.728695e+01,3.561590e+00,-7.452690e+00,4.205354e+01,1.628523e+01,-6.075881e+00,-3.877923e+02,0,0,-1.943532e+00,6.783109e+00,-4.190964e+00,-1.986514e+01,1.038729e+01,-4.457805e+00,2.025704e+01,3.729519e+00,-4.585909e+00,-6.816538e+00,2.323303e+01,2.246175e+01,-3.591153e+02,0,0
-2.576924e+00,-7.970792e+00,2.386014e+00,-1.174977e+01,4.838207e+00,-3.806570e+00,3.023952e+01,3.146399e+00,-5.263641e+00,7.937962e+01,2.021447e+01,-3.218409e+01,-4.122779e+02,0,0,-2.576924e+00,7.970792e+00,-2.386014e+00,-2.200680e+01,4.115362e+00,-3.153736e+00,2.022644e+01,4.630588e+00,-4.523761e+00,1.824986e+01,1.830855e+01,-1.087951e+00,-3.774914e+02,0,0
-2.067338e+00,-8.470412e+00,2.160056e+00,-1.195708e+01,4.972152e+00,-4.030712e+00,3.294567e+01,2.448686e+00,-4.889015e+00,9.693388e+01,2.518859e+01,-3.752369e+01,-4.143276e+02,0,0,-2.067338e+00,8.470412e+00,-2.160056e+00,-2.246828e+01,3.887405e+00,-4.037623e+00,2.166872e+01,3.729407e+00,-4.083132e+00,4.685881e+01,1.689008e+01,-2.006591e+01,-3.921602e+02,0,0
-1.215171e+00,-8.217862e+00,2.915140e+00,-1.191321e+01,3.925925e+00,-4.461279e+00,3.483830e+01,2.092563e+00,-5.085395e+00,1.049965e+02,2.749016e+01,-3.806796e+01,-4.127915e+02,0,0,-1.215171e+00,8.217862e+00,-2.915140e+00,-2.306027e+01,3.934178e+00,-4.361648e+00,2.226807e+01,3.351809e+00,-5.262043e+00,6.204201e+01,1.649880e+01,-2.448330e+01,-3.964435e+02,0,0
6.084895e-01,-9.247041e+00,2.456382e+00,-1.273081e+01,3.726259e+00,-5.684258e+00,3.339771e+01,2.642281e+00,-6.385330e+00,1.092829e+02,2.450666e+01,-4.342615e+01,-4.176665e+02,0,0,6.084895e-01,9.247041e+00,-2.456382e+00,-2.425343e+01,2.723269e+00,-4.373548e+00,2.130337e+01,2.056417e+00,-4.460780e+00,5.646357e+01,1.493085e+01,-2.195675e+01,-3.894945e+02,0,0
1.340819e+00,-1.031151e+01,1.968962e+00,-1.235695e+01,3.758975e+00,-5.862707e+00,3.376243e+01,2.777736e+00,-6.932841e+00,1.105396e+02,2.368206e+01,-4.556863e+01,-4.192127e+02,0,0,1.340819e+00,1.031151e+01,-1.968962e+00,-2.532811e+01,1.875618e+00,-4.629149e+00,2.002972e+01,1.234399e+00,-3.886296e+00,5.393005e+01,1.259665e+01,-2.309382e+01,-3.883996e+02,0,0
