1.802339e+00,7.779905e+00,2.163504e-01,-1.542826e+01,4.099875e+00,-1.848510e+00,3.524826e+01,-1.534014e+00,-1.300924e+01,-2.827973e+01,1.937217e+01,4.533007e+01,4.117404e+01,0,0,1.802339e+00,-7.779905e+00,-2.163504e-01,-8.062318e+00,6.926548e+00,-1.713600e+00,3.775572e+01,-2.431513e+00,-1.442533e+01,-1.496979e+01,1.926543e+01,5.247027e+01,4.156021e+01,0,0
1.802339e+00,7.779905e+00,2.163504e-01,-1.522148e+01,4.220630e+00,-1.863287e+00,3.524826e+01,-1.534014e+00,-1.300924e+01,-2.839128e+01,1.926359e+01,4.545210e+01,4.133583e+01,0,0,1.802339e+00,-7.779905e+00,-2.163504e-01,-7.915759e+00,6.958801e+00,-1.731269e+00,3.777181e+01,-1.888127e+00,-1.446256e+01,-1.536276e+01,1.921343e+01,5.287495e+01,4.183826e+01,0,0
1.802339e+00,7.779905e+00,2.163504e-01,-1.520610e+01,4.064731e+00,-1.864380e+00,3.524826e+01,-1.534014e+00,-1.300924e+01,-2.865441e+01,1.929300e+01,4.567367e+01,4.146388e+01,0,0,1.802339e+00,-7.779905e+00,-2.163504e-01,-7.955727e+00,6.975359e+00,-1.726452e+00,3.777181e+01,-1.888127e+00,-1.446256e+01,-1.475818e+01,1.940494e+01,5.229103e+01,4.169527e+01,0,0
1.802339e+00,7.779905e+00,2.163504e-01,-1.536185e+01,4.355693e+00,-1.853276e+00,3.524826e+01,-1.534014e+00,-1.300924e+01,-2.812397e+01,1.923152e+01,4.522742e+01,4.128190e+01,0,0,1.802339e+00,-7.779905e+00,-2.163504e-01,-8.104207e+00,7.248705e+00,-1.708575e+00,3.777181e+01,-1.888127e+00,-1.446256e+01,-1.460646e+01,1.931927e+01,5.219056e+01,4.127937e+01,0,0
1.802339e+00,7.779905e+00,2.163504e-01,-1.525976e+01,4.078128e+00,-1.860549e+00,3.524826e+01,-1.534014e+00,-1.300924e+01,-2.802231e+01,1.934394e+01,4.511323e+01,4.126700e+01,0,0,1.802339e+00,-7.779905e+00,-2.163504e-01,-8.073672e+00,6.949690e+00,-1.712231e+00,3.777181e+01,-1.888127e+00,-1.446256e+01,-1.422637e+01,1.937057e+01,5.171159e+01,4.096015e+01,0,0
1.802339e+00,7.779905e+00,2.163504e-01,-1.537184e+01,4.349368e+00,-1.852561e+00,3.524826e+01,-1.534014e+00,-1.300924e+01,-2.839721e+01,1.926300e+01,4.545738e+01,4.099834e+01,0,0,1.802339e+00,-7.779905e+00,-2.163504e-01,-8.115758e+00,7.208432e+00,-1.707175e+00,3.777438e+01,-1.801221e+00,-1.438229e+01,-1.438258e+01,1.951257e+01,5.179583e+01,4.100545e+01,0,0
1.802339e+00,7.779905e+00,2.163504e-01,-1.536901e+01,4.349555e+00,-1.852763e+00,3.524826e+01,-1.534014e+00,-1.300924e+01,-2.803792e+01,1.929583e+01,4.503449e+01,4.091828e+01,0,0,1.802339e+00,-7.779905e+00,-2.163504e-01,-8.114898e+00,7.208068e+00,-1.707279e+00,3.777438e+01,-1.801221e+00,-1.438229e+01,-1.423867e+01,1.936875e+01,5.172271e+01,4.048031e+01,0,0
2.151716e+00,7.826015e+00,2.163280e-01,-1.527891e+01,4.464405e+00,-2.208106e+00,3.519608e+01,-1.772481e+00,-1.326492e+01,-2.910751e+01,1.936888e+01,4.611461e+01,4.370853e+01,0,0,2.151716e+00,-7.826015e+00,-2.163280e-01,-7.906962e+00,7.371346e+00,-2.060943e+00,3.780920e+01,-1.975974e+00,-1.468518e+01,-1.473159e+01,1.958267e+01,5.234326e+01,4.141905e+01,0,0
1.800746e+00,7.764596e+00,2.163427e-01,-1.503147e+01,4.369867e+00,-1.874133e+00,3.538236e+01,-1.535107e+00,-1.331937e+01,-2.266284e+01,1.844942e+01,4.105050e+01,3.948831e+01,0,0,1.800746e+00,-7.764596e+00,-2.163427e-01,-7.420516e+00,7.264468e+00,-1.791185e+00,3.871790e+01,-2.458727e+00,-1.480868e+01,-6.724326e+00,1.861161e+01,4.625836e+01,3.420593e+01,0,0
1.847602e+00,7.326955e+00,-1.382181e-01,-1.406679e+01,4.532221e+00,-2.754431e+00,3.648731e+01,-1.437447e+00,-1.417426e+01,-9.459184e+00,1.880046e+01,2.837091e+01,2.747604e+01,0,0,1.847602e+00,-7.326955e+00,1.382181e-01,-7.508653e+00,6.719431e+00,-2.616961e+00,3.918516e+01,-2.879485e+00,-1.484235e+01,4.674142e+00,1.997137e+01,3.310855e+01,2.168360e+01,0,0
1.389584e+00,6.574318e+00,-3.741343e-02,-1.303139e+01,4.582252e+00,-8.577457e-01,3.839197e+01,-5.265647e-01,-1.326518e+01,5.719967e+00,2.114558e+01,1.249263e+01,1.159729e+01,0,0,1.389584e+00,-6.574318e+00,3.741343e-02,-6.730087e+00,7.824808e+00,6.942593e-01,4.011102e+01,3.942083e-01,-1.327481e+01,1.717208e+01,2.247072e+01,1.900931e+01,6.563626e+00,0,0
1.443031e+00,5.552461e+00,-7.437611e-01,-1.276839e+01,5.764093e+00,1.054557e+00,3.993476e+01,1.174861e+00,-1.394044e+01,1.847384e+01,2.583228e+01,-1.682869e+00,-3.214532e+00,0,0,1.443031e+00,-5.552461e+00,7.437611e-01,-7.423209e+00,8.820481e+00,4.724044e+00,4.086428e+01,3.325793e+00,-1.100397e+01,2.722664e+01,2.628311e+01,7.715468e+00,-4.875423e+00,0,0
1.016718e+00,5.138635e+00,-1.095651e+00,-1.347197e+01,6.687527e+00,4.605271e+00,4.023319e+01,4.424043e+00,-1.221555e+01,2.842054e+01,3.225127e+01,-1.380162e+01,-1.565139e+01,0,0,1.016718e+00,-5.138635e+00,1.095651e+00,-7.709987e+00,1.106551e+01,1.002588e+01,4.205903e+01,8.037116e+00,-8.518117e+00,3.445095e+01,3.210343e+01,-1.362188e+00,-1.271449e+01,0,0
1.035196e+00,4.688972e+00,-1.446827e+00,-1.424338e+01,8.743426e+00,5.982101e+00,4.076967e+01,7.753048e+00,-1.023217e+01,3.807249e+01,3.989419e+01,-2.441063e+01,-2.658442e+01,0,0,1.035196e+00,-4.688972e+00,1.446827e+00,-1.032893e+01,1.518680e+01,1.694289e+01,4.257332e+01,1.397586e+01,-6.075308e+00,4.251845e+01,4.016007e+01,-1.036498e+01,-1.892819e+01,0,0
1.555289e+00,4.538983e+00,-2.263455e+00,-1.598744e+01,1.122567e+01,1.194580e+01,4.206240e+01,1.173742e+01,-9.046754e+00,4.333196e+01,4.896578e+01,-3.097856e+01,-3.237747e+01,0,0,1.555289e+00,-4.538983e+00,2.263455e+00,-1.441703e+01,2.065832e+01,2.550406e+01,4.338169e+01,2.164091e+01,-5.488733e+00,4.709145e+01,4.830799e+01,-1.619923e+01,-2.457882e+01,0,0
2.684055e+00,5.399054e+00,-5.246690e+00,-1.855998e+01,1.507565e+01,1.748714e+01,4.237370e+01,1.680953e+01,-9.428915e+00,4.426614e+01,5.957685e+01,-3.260909e+01,-3.336528e+01,0,0,2.684055e+00,-5.399054e+00,5.246690e+00,-1.764390e+01,2.309066e+01,3.159047e+01,4.323753e+01,2.769170e+01,-3.547958e+00,5.085468e+01,5.665747e+01,-2.113528e+01,-2.560792e+01,0,0
5.206189e+00,6.709956e+00,-7.891573e+00,-2.315560e+01,1.831870e+01,2.259504e+01,4.143646e+01,2.137893e+01,-9.151539e+00,4.434871e+01,6.959605e+01,-3.336774e+01,-3.120012e+01,0,0,5.206189e+00,-6.709956e+00,7.891573e+00,-1.989726e+01,2.501978e+01,3.860031e+01,4.299813e+01,3.303821e+01,-2.398478e+00,5.375929e+01,6.580203e+01,-2.357756e+01,-2.549114e+01,0,0
7.953773e+00,7.234472e+00,-9.608230e+00,-2.760882e+01,2.094190e+01,2.725941e+01,4.123563e+01,2.546111e+01,-7.628439e+00,4.407408e+01,7.785066e+01,-3.400213e+01,-3.230854e+01,0,0,7.953773e+00,-7.234472e+00,9.608230e+00,-2.270786e+01,2.632167e+01,4.234660e+01,4.200232e+01,3.677958e+01,-1.173811e+00,5.534102e+01,7.331645e+01,-2.542175e+01,-2.707674e+01,0,0
1.145973e+01,7.104471e+00,-1.052867e+01,-3.051566e+01,2.305327e+01,3.105117e+01,4.211157e+01,2.752351e+01,-7.036169e+00,4.349764e+01,8.652925e+01,-3.387134e+01,-2.779055e+01,0,0,1.145973e+01,-7.104471e+00,1.052867e+01,-2.447082e+01,2.698187e+01,4.516889e+01,4.170349e+01,3.884514e+01,-1.640466e+00,5.501765e+01,7.945489e+01,-2.708326e+01,-2.852552e+01,0,0
1.413568e+01,7.321077e+00,-1.174292e+01,-3.224448e+01,2.551184e+01,3.379584e+01,4.393819e+01,2.972446e+01,-7.215207e+00,4.423424e+01,9.501279e+01,-3.412324e+01,-2.860036e+01,0,0,1.413568e+01,-7.321077e+00,1.174292e+01,-2.673101e+01,2.675241e+01,4.453309e+01,4.104069e+01,4.000035e+01,-2.035926e+00,5.486475e+01,8.366575e+01,-2.901268e+01,-3.186197e+01,0,0
1.603033e+01,7.666610e+00,-1.225187e+01,-3.495011e+01,2.691414e+01,3.730875e+01,4.526638e+01,3.157612e+01,-7.318257e+00,4.483332e+01,1.016659e+02,-3.507618e+01,-3.064764e+01,0,0,1.603033e+01,-7.666610e+00,1.225187e+01,-2.809799e+01,2.595379e+01,4.648547e+01,4.004594e+01,4.058188e+01,-1.391503e+00,5.447169e+01,8.869445e+01,-3.050443e+01,-3.495394e+01,0,0
1.738039e+01,8.129585e+00,-1.196625e+01,-3.702228e+01,2.802545e+01,3.968443e+01,4.554195e+01,3.261523e+01,-6.521750e+00,4.501941e+01,1.074850e+02,-3.579867e+01,-3.274108e+01,0,0,1.738039e+01,-8.129585e+00,1.196625e+01,-2.931273e+01,2.649516e+01,4.790603e+01,3.975460e+01,4.156595e+01,-1.125943e+00,5.392997e+01,9.343130e+01,-3.078766e+01,-3.683379e+01,0,0
1.844579e+01,8.212978e+00,-1.185250e+01,-3.495136e+01,3.013516e+01,4.101037e+01,4.612383e+01,3.396572e+01,-6.174062e+00,4.487862e+01,1.139176e+02,-3.690931e+01,-3.297701e+01,0,0,1.844579e+01,-8.212978e+00,1.185250e+01,-2.892588e+01,2.863969e+01,4.914056e+01,3.886528e+01,4.227373e+01,-7.724981e-01,5.252530e+01,9.749066e+01,-3.100018e+01,-3.787020e+01,0,0
1.939053e+01,8.554083e+00,-1.155428e+01,-3.536926e+01,3.059400e+01,4.214391e+01,4.568804e+01,3.395802e+01,-5.202305e+00,4.305315e+01,1.172153e+02,-3.884151e+01,-3.672356e+01,0,0,1.939053e+01,-8.554083e+00,1.155428e+01,-3.039967e+01,2.890867e+01,4.889077e+01,3.764577e+01,4.220797e+01,-1.025969e+00,4.939588e+01,1.009820e+02,-3.204226e+01,-3.959332e+01,0,0
1.962085e+01,9.407328e+00,-1.170117e+01,-3.748218e+01,2.881558e+01,4.325614e+01,4.431240e+01,3.548033e+01,-3.623517e+00,4.011611e+01,1.210534e+02,-4.135249e+01,-4.148264e+01,0,0,1.962085e+01,-9.407328e+00,1.170117e+01,-3.180967e+01,2.734188e+01,4.844076e+01,3.541161e+01,4.276730e+01,8.178351e-01,4.681958e+01,1.035319e+02,-3.351663e+01,-4.310740e+01,0,0
2.045270e+01,9.813399e+00,-1.133414e+01,-3.749301e+01,2.731387e+01,4.406344e+01,4.326557e+01,3.629862e+01,-2.762550e+00,3.709895e+01,1.226722e+02,-4.442897e+01,-4.525701e+01,0,0,2.045270e+01,-9.813399e+00,1.133414e+01,-3.310728e+01,2.794141e+01,5.092795e+01,3.519818e+01,4.327484e+01,5.453861e-01,4.611727e+01,1.065587e+02,-3.339939e+01,-4.524651e+01,0,0
2.081860e+01,1.028213e+01,-1.097779e+01,-3.861098e+01,2.659738e+01,4.394464e+01,4.171811e+01,3.644791e+01,-1.733035e+00,3.478660e+01,1.249085e+02,-4.671553e+01,-4.789797e+01,0,0,2.081860e+01,-1.028213e+01,1.097779e+01,-3.409742e+01,2.800417e+01,5.157886e+01,3.482943e+01,4.394303e+01,5.381533e-01,4.517566e+01,1.090048e+02,-3.417405e+01,-4.651146e+01,0,0
2.084129e+01,9.976957e+00,-1.059439e+01,-3.928587e+01,2.557377e+01,4.501228e+01,4.054288e+01,3.666039e+01,-5.183983e-02,3.205122e+01,1.265251e+02,-4.896532e+01,-5.025349e+01,0,0,2.084129e+01,-9.976957e+00,1.059439e+01,-3.470355e+01,2.773098e+01,5.220113e+01,3.365747e+01,4.414692e+01,1.076135e+00,4.299117e+01,1.097178e+02,-3.490249e+01,-4.766902e+01,0,0
2.083320e+01,9.939554e+00,-1.059356e+01,-4.007800e+01,2.501401e+01,4.563474e+01,3.915519e+01,3.729535e+01,7.455134e-01,2.841608e+01,1.284967e+02,-5.171789e+01,-5.728289e+01,0,0,2.083320e+01,-9.939554e+00,1.059356e+01,-3.489475e+01,2.733124e+01,5.263615e+01,3.181187e+01,4.397629e+01,1.884694e+00,4.078159e+01,1.094710e+02,-3.503461e+01,-4.739159e+01,0,0
2.066786e+01,9.930815e+00,-1.051453e+01,-4.163211e+01,2.429493e+01,5.089325e+01,3.716135e+01,3.834397e+01,2.316141e+00,2.498901e+01,1.310268e+02,-5.459998e+01,-5.713298e+01,0,0,2.066786e+01,-9.930815e+00,1.051453e+01,-3.518093e+01,2.698768e+01,5.301118e+01,3.157384e+01,4.396214e+01,2.347399e+00,3.856389e+01,1.096706e+02,-3.553706e+01,-4.930516e+01,0,0
2.081766e+01,9.524348e+00,-9.966378e+00,-4.217876e+01,2.340568e+01,5.265670e+01,3.664266e+01,3.843125e+01,2.995295e+00,2.211054e+01,1.326335e+02,-5.696102e+01,-5.994119e+01,0,0,2.081766e+01,-9.524348e+00,9.966378e+00,-3.572030e+01,2.709475e+01,5.196296e+01,2.990612e+01,4.422468e+01,2.368405e+00,3.770034e+01,1.108368e+02,-3.563368e+01,-4.980971e+01,0,0
2.084969e+01,1.005500e+01,-9.630551e+00,-4.360810e+01,2.288911e+01,4.843809e+01,3.520026e+01,3.952369e+01,3.758968e+00,1.892147e+01,1.333491e+02,-5.870580e+01,-6.252965e+01,0,0,2.084969e+01,-1.005500e+01,9.630551e+00,-3.595794e+01,2.685924e+01,5.280153e+01,2.961336e+01,4.437999e+01,2.635178e+00,3.705568e+01,1.116729e+02,-3.614311e+01,-5.089347e+01,0,0
2.122091e+01,9.785742e+00,-9.220925e+00,-4.326181e+01,2.217829e+01,4.833426e+01,3.426291e+01,3.940208e+01,5.225863e+00,1.754869e+01,1.336202e+02,-6.087519e+01,-6.581993e+01,0,0,2.122091e+01,-9.785742e+00,9.220925e+00,-3.752336e+01,2.706940e+01,5.187946e+01,2.833368e+01,4.500978e+01,3.165978e+00,3.575120e+01,1.127424e+02,-3.619678e+01,-5.114643e+01,0,0
2.111309e+01,1.029163e+01,-8.830367e+00,-4.354673e+01,2.099551e+01,5.004437e+01,3.277519e+01,3.975737e+01,6.499506e+00,1.532379e+01,1.342538e+02,-6.288615e+01,-6.762704e+01,0,0,2.111309e+01,-1.029163e+01,8.830367e+00,-3.782285e+01,2.727177e+01,5.326597e+01,2.793537e+01,4.531064e+01,3.434065e+00,3.532201e+01,1.136963e+02,-3.643207e+01,-5.204060e+01,0,0
2.201672e+01,1.017701e+01,-8.850284e+00,-4.330369e+01,2.130847e+01,4.967534e+01,3.225687e+01,3.968757e+01,6.794143e+00,1.467735e+01,1.340493e+02,-6.249074e+01,-6.751129e+01,0,0,2.201672e+01,-1.017701e+01,8.850284e+00,-3.731901e+01,2.787930e+01,5.251568e+01,2.786724e+01,4.494824e+01,2.797771e+00,3.469646e+01,1.132213e+02,-3.596708e+01,-5.072331e+01,0,0
2.188627e+01,9.850167e+00,-8.387433e+00,-4.301636e+01,2.038903e+01,4.988196e+01,3.175462e+01,3.983541e+01,7.693123e+00,1.411170e+01,1.340171e+02,-6.345304e+01,-6.879412e+01,0,0,2.188627e+01,-9.850167e+00,8.387433e+00,-3.751502e+01,2.756369e+01,5.204990e+01,2.714122e+01,4.454251e+01,3.002811e+00,3.408670e+01,1.130219e+02,-3.537172e+01,-5.069531e+01,0,0
2.188627e+01,9.850167e+00,-8.387433e+00,-4.321338e+01,2.020549e+01,4.896495e+01,3.090216e+01,3.996217e+01,7.851757e+00,1.287719e+01,1.344472e+02,-6.373866e+01,-6.846638e+01,0,0,2.188627e+01,-9.850167e+00,8.387433e+00,-3.688358e+01,2.717677e+01,5.020696e+01,2.669813e+01,4.382897e+01,3.202813e+00,3.290146e+01,1.124504e+02,-3.568330e+01,-5.080888e+01,0,0
2.188714e+01,1.028703e+01,-8.044288e+00,-4.337769e+01,2.006717e+01,4.898452e+01,3.027972e+01,3.969800e+01,8.148288e+00,1.162106e+01,1.338943e+02,-6.383453e+01,-6.854072e+01,0,0,2.188714e+01,-1.028703e+01,8.044288e+00,-3.687090e+01,2.706692e+01,4.974426e+01,2.723008e+01,4.412412e+01,3.062649e+00,3.308926e+01,1.125819e+02,-3.566103e+01,-5.042038e+01,0,0
2.188714e+01,1.028703e+01,-8.044288e+00,-4.337715e+01,2.064887e+01,4.909451e+01,3.109230e+01,4.028256e+01,7.660147e+00,1.145802e+01,1.337017e+02,-6.330444e+01,-6.821947e+01,0,0,2.188714e+01,-1.028703e+01,8.044288e+00,-3.655194e+01,2.730895e+01,4.977641e+01,2.704081e+01,4.388975e+01,3.018659e+00,3.224428e+01,1.125672e+02,-3.563850e+01,-5.048413e+01,0,0
2.171809e+01,1.028838e+01,-7.985323e+00,-4.288648e+01,2.051586e+01,4.993815e+01,3.152059e+01,4.007972e+01,7.452708e+00,1.127205e+01,1.338101e+02,-6.390394e+01,-6.870414e+01,0,0,2.171809e+01,-1.028838e+01,7.985323e+00,-3.655999e+01,2.692471e+01,4.965258e+01,2.612650e+01,4.381008e+01,3.184207e+00,3.138046e+01,1.128204e+02,-3.503016e+01,-5.032080e+01,0,0
2.097553e+01,1.036209e+01,-8.025431e+00,-4.358904e+01,2.092645e+01,5.009459e+01,3.109334e+01,4.060895e+01,8.157085e+00,1.051015e+01,1.341941e+02,-6.460242e+01,-6.959408e+01,0,0,2.097553e+01,-1.036209e+01,8.025431e+00,-3.684324e+01,2.679178e+01,5.099623e+01,2.513980e+01,4.361826e+01,4.434211e+00,3.111490e+01,1.126392e+02,-3.572599e+01,-5.157606e+01,0,0
2.080061e+01,1.043449e+01,-7.204691e+00,-4.342385e+01,2.009809e+01,4.955228e+01,3.050989e+01,3.993492e+01,9.054268e+00,1.019736e+01,1.337191e+02,-6.465512e+01,-7.002270e+01,0,0,2.080061e+01,-1.043449e+01,7.204691e+00,-3.681806e+01,2.703000e+01,5.085399e+01,2.586647e+01,4.375509e+01,3.931787e+00,3.103043e+01,1.129307e+02,-3.557973e+01,-5.006816e+01,0,0
2.046180e+01,1.038162e+01,-7.218084e+00,-4.340519e+01,1.995995e+01,4.904278e+01,3.059635e+01,4.017316e+01,8.888459e+00,9.832077e+00,1.338705e+02,-6.519821e+01,-7.032272e+01,0,0,2.046180e+01,-1.038162e+01,7.218084e+00,-3.701506e+01,2.719888e+01,5.049498e+01,2.547816e+01,4.352187e+01,3.831704e+00,3.115277e+01,1.129878e+02,-3.571798e+01,-5.018127e+01,0,0
2.004933e+01,1.050708e+01,-7.239534e+00,-4.420751e+01,2.017238e+01,4.977148e+01,3.003572e+01,4.012892e+01,9.351759e+00,9.436048e+00,1.341196e+02,-6.522649e+01,-7.042375e+01,0,0,2.004933e+01,-1.050708e+01,7.239534e+00,-3.688666e+01,2.719983e+01,5.098386e+01,2.598752e+01,4.341475e+01,3.649642e+00,3.110075e+01,1.132122e+02,-3.584361e+01,-4.976362e+01,0,0
1.989361e+01,1.050671e+01,-7.185720e+00,-4.418631e+01,2.006632e+01,4.999913e+01,3.008227e+01,4.007500e+01,9.189811e+00,9.603246e+00,1.342256e+02,-6.519454e+01,-7.036928e+01,0,0,1.989361e+01,-1.050671e+01,7.185720e+00,-3.719075e+01,2.705820e+01,4.943946e+01,2.584903e+01,4.350399e+01,3.822497e+00,3.124047e+01,1.134898e+02,-3.554123e+01,-4.965987e+01,0,0
1.955394e+01,1.045442e+01,-7.198378e+00,-4.408622e+01,2.020852e+01,5.143232e+01,2.996987e+01,4.030200e+01,9.509194e+00,9.488014e+00,1.342003e+02,-6.524642e+01,-7.026042e+01,0,0,1.955394e+01,-1.045442e+01,7.198378e+00,-3.671187e+01,2.694152e+01,5.106665e+01,2.544643e+01,4.357747e+01,4.270908e+00,3.102507e+01,1.135619e+02,-3.556284e+01,-5.007081e+01,0,0
1.966796e+01,1.041436e+01,-7.239485e+00,-4.412755e+01,2.040231e+01,4.952965e+01,3.062810e+01,4.000276e+01,9.016767e+00,9.511310e+00,1.342254e+02,-6.515206e+01,-6.984325e+01,0,0,1.966796e+01,-1.041436e+01,7.239485e+00,-3.687319e+01,2.698066e+01,5.104173e+01,2.551219e+01,4.350898e+01,4.138230e+00,3.080399e+01,1.135251e+02,-3.560298e+01,-5.010038e+01,0,0
1.979621e+01,1.073521e+01,-7.705292e+00,-4.458285e+01,2.066239e+01,4.938121e+01,3.037719e+01,3.994924e+01,8.604874e+00,9.556994e+00,1.347748e+02,-6.391781e+01,-6.861550e+01,0,0,1.979621e+01,-1.073521e+01,7.705292e+00,-3.644682e+01,2.666500e+01,5.072067e+01,2.573726e+01,4.307420e+01,4.297852e+00,3.107081e+01,1.132283e+02,-3.565257e+01,-5.051016e+01,0,0
1.951495e+01,1.041326e+01,-7.185525e+00,-4.433355e+01,2.008831e+01,5.034717e+01,3.031079e+01,3.957119e+01,9.332851e+00,9.540368e+00,1.342458e+02,-6.441277e+01,-6.816850e+01,0,0,1.951495e+01,-1.041326e+01,7.185525e+00,-3.692850e+01,2.681435e+01,5.101470e+01,2.543337e+01,4.368223e+01,4.141834e+00,3.068568e+01,1.138876e+02,-3.561439e+01,-4.998184e+01,0,0
1.876195e+01,1.002838e+01,-7.562353e+00,-4.420351e+01,2.026054e+01,4.935374e+01,3.071488e+01,4.034453e+01,9.255234e+00,9.710541e+00,1.347457e+02,-6.504201e+01,-6.993120e+01,0,0,1.876195e+01,-1.002838e+01,7.562353e+00,-3.746241e+01,2.632061e+01,5.099025e+01,2.480715e+01,4.319710e+01,5.136294e+00,3.001675e+01,1.136249e+02,-3.656089e+01,-5.040543e+01,0,0
1.876195e+01,1.002838e+01,-7.562353e+00,-4.410263e+01,2.029013e+01,5.109183e+01,3.092540e+01,4.022414e+01,8.754790e+00,9.688132e+00,1.346674e+02,-6.490328e+01,-6.946529e+01,0,0,1.876195e+01,-1.002838e+01,7.562353e+00,-3.729821e+01,2.646312e+01,5.072376e+01,2.480715e+01,4.319710e+01,5.136294e+00,2.992701e+01,1.133960e+02,-3.600524e+01,-5.023304e+01,0,0
1.876195e+01,1.002838e+01,-7.562353e+00,-4.435342e+01,2.040096e+01,4.939966e+01,3.051048e+01,3.984988e+01,9.332556e+00,9.622719e+00,1.347858e+02,-6.462232e+01,-6.950410e+01,0,0,1.876195e+01,-1.002838e+01,7.562353e+00,-3.724472e+01,2.651205e+01,5.143714e+01,2.480715e+01,4.319710e+01,5.136294e+00,2.990908e+01,1.133053e+02,-3.603140e+01,-4.978069e+01,0,0
1.876195e+01,1.002838e+01,-7.562353e+00,-4.427930e+01,2.047497e+01,5.059263e+01,3.071433e+01,4.002064e+01,8.713909e+00,9.864591e+00,1.349312e+02,-6.405315e+01,-6.876836e+01,0,0,1.876195e+01,-1.002838e+01,7.562353e+00,-3.676972e+01,2.658771e+01,5.044678e+01,2.533415e+01,4.271782e+01,4.873798e+00,2.993746e+01,1.130097e+02,-3.593010e+01,-4.980243e+01,0,0
1.872274e+01,9.978383e+00,-7.548609e+00,-4.473538e+01,2.072612e+01,5.030145e+01,3.042445e+01,3.973711e+01,8.632214e+00,9.812444e+00,1.344155e+02,-6.352281e+01,-6.754298e+01,0,0,1.872274e+01,-9.978383e+00,7.548609e+00,-3.620273e+01,2.638033e+01,4.887280e+01,2.586167e+01,4.170859e+01,3.866774e+00,3.047852e+01,1.125638e+02,-3.511733e+01,-4.885973e+01,0,0
1.838012e+01,9.931446e+00,-7.561221e+00,-4.477123e+01,2.054961e+01,4.828647e+01,2.966070e+01,3.892993e+01,8.713704e+00,1.084323e+01,1.342811e+02,-6.118706e+01,-6.411956e+01,0,0,1.838012e+01,-9.931446e+00,7.561221e+00,-3.517952e+01,2.641968e+01,4.693212e+01,2.659006e+01,4.092984e+01,3.977898e+00,3.155152e+01,1.114712e+02,-3.468194e+01,-4.813024e+01,0,0
1.757521e+01,9.935527e+00,-7.579128e+00,-4.467047e+01,2.054538e+01,4.927072e+01,2.941579e+01,3.868213e+01,8.148567e+00,1.326088e+01,1.329932e+02,-5.663804e+01,-5.881045e+01,0,0,1.757521e+01,-9.935527e+00,7.579128e+00,-3.344525e+01,2.569779e+01,4.692692e+01,2.867418e+01,3.885743e+01,3.642818e+00,3.289334e+01,1.100863e+02,-3.340938e+01,-4.466619e+01,0,0
1.689623e+01,9.264878e+00,-7.422857e+00,-4.303174e+01,2.194147e+01,4.853980e+01,3.066490e+01,3.764882e+01,6.720493e+00,1.665652e+01,1.299422e+02,-5.149621e+01,-5.229032e+01,0,0,1.689623e+01,-9.264878e+00,7.422857e+00,-3.187188e+01,2.609811e+01,4.427502e+01,2.982998e+01,3.745255e+01,3.297819e+00,3.397679e+01,1.073438e+02,-3.295430e+01,-4.275719e+01,0,0
1.654798e+01,9.212522e+00,-7.433754e+00,-4.405880e+01,2.057451e+01,4.470385e+01,3.326138e+01,3.564554e+01,4.601643e+00,2.046057e+01,1.261759e+02,-4.739598e+01,-4.744901e+01,0,0,1.654798e+01,-9.212522e+00,7.433754e+00,-3.075645e+01,2.327395e+01,4.228426e+01,3.173354e+01,3.540480e+01,2.495144e+00,3.574732e+01,1.037886e+02,-3.172002e+01,-4.123778e+01,0,0
1.664004e+01,8.728484e+00,-7.822439e+00,-4.122797e+01,2.214911e+01,4.287863e+01,3.534310e+01,3.396630e+01,2.422509e+00,2.573129e+01,1.217233e+02,-4.349253e+01,-4.138879e+01,0,0,1.664004e+01,-8.728484e+00,7.822439e+00,-2.911509e+01,2.422451e+01,4.154021e+01,3.352337e+01,3.286009e+01,9.976158e-01,3.591103e+01,1.003137e+02,-3.051522e+01,-3.640966e+01,0,0
1.570780e+01,9.165697e+00,-7.434708e+00,-3.920365e+01,2.251145e+01,3.788300e+01,3.703309e+01,3.177268e+01,1.604267e+00,2.767468e+01,1.164091e+02,-4.134931e+01,-3.739354e+01,0,0,1.570780e+01,-9.165697e+00,7.434708e+00,-2.662059e+01,2.477540e+01,3.672302e+01,3.623421e+01,3.062188e+01,-1.468540e-01,3.726494e+01,9.526819e+01,-2.814841e+01,-3.360434e+01,0,0
1.431963e+01,9.236780e+00,-6.597686e+00,-3.643917e+01,2.185268e+01,3.689876e+01,3.773756e+01,2.951425e+01,9.771797e-01,3.007751e+01,1.099229e+02,-4.036170e+01,-3.516990e+01,0,0,1.431963e+01,-9.236780e+00,6.597686e+00,-2.300825e+01,2.518139e+01,3.396032e+01,3.841910e+01,2.844975e+01,-1.214938e+00,3.916596e+01,8.898136e+01,-2.645110e+01,-3.091690e+01,0,0
1.262515e+01,8.537683e+00,-6.512804e+00,-3.289678e+01,2.184130e+01,3.473869e+01,3.974240e+01,2.712491e+01,-4.513106e-03,3.218368e+01,1.044843e+02,-3.817702e+01,-3.219134e+01,0,0,1.262515e+01,-8.537683e+00,6.512804e+00,-2.072318e+01,2.450931e+01,3.287576e+01,4.040034e+01,2.548986e+01,-2.012197e+00,4.075401e+01,8.183291e+01,-2.529433e+01,-3.076096e+01,0,0
1.157676e+01,7.784358e+00,-5.587223e+00,-2.884963e+01,2.128546e+01,2.897206e+01,4.115364e+01,2.367498e+01,-5.031921e-01,3.441245e+01,9.646577e+01,-3.682697e+01,-3.032503e+01,0,0,1.157676e+01,-7.784358e+00,5.587223e+00,-1.686119e+01,2.367763e+01,2.750446e+01,4.299245e+01,2.284990e+01,-3.043409e+00,4.207676e+01,7.611129e+01,-2.440489e+01,-2.784031e+01,0,0
9.705187e+00,7.123234e+00,-4.647005e+00,-2.529121e+01,1.942838e+01,2.508720e+01,4.204529e+01,2.072293e+01,-1.360301e+00,3.654673e+01,8.891075e+01,-3.629464e+01,-3.002561e+01,0,0,9.705187e+00,-7.123234e+00,4.647005e+00,-1.512621e+01,2.331737e+01,2.611501e+01,4.510482e+01,2.077132e+01,-3.988307e+00,4.304973e+01,7.049655e+01,-2.337572e+01,-2.665029e+01,0,0
8.797005e+00,6.282813e+00,-4.532633e+00,-2.051460e+01,1.760505e+01,2.430694e+01,4.341748e+01,1.721092e+01,-3.082275e+00,3.802793e+01,8.123477e+01,-3.443237e+01,-2.750873e+01,0,0,8.797005e+00,-6.282813e+00,4.532633e+00,-1.112462e+01,2.187324e+01,2.135003e+01,4.706809e+01,1.659133e+01,-4.808275e+00,4.353502e+01,6.451580e+01,-2.213892e+01,-2.517595e+01,0,0
7.114704e+00,5.532223e+00,-4.434798e+00,-1.706404e+01,1.565133e+01,1.620421e+01,4.460888e+01,1.346748e+01,-5.347714e+00,3.981320e+01,7.321704e+01,-3.254415e+01,-2.869213e+01,0,0,7.114704e+00,-5.532223e+00,4.434798e+00,-9.249062e+00,2.001165e+01,1.907730e+01,4.754551e+01,1.361233e+01,-5.643345e+00,4.382812e+01,5.937212e+01,-2.189069e+01,-2.466953e+01,0,0
6.265953e+00,5.134263e+00,-4.002871e+00,-1.437186e+01,1.298241e+01,1.209948e+01,4.464104e+01,9.620870e+00,-7.210279e+00,3.940916e+01,6.531772e+01,-3.105729e+01,-2.835584e+01,0,0,6.265953e+00,-5.134263e+00,4.002871e+00,-6.673147e+00,1.762497e+01,1.300895e+01,4.850232e+01,1.051114e+01,-7.849906e+00,4.202568e+01,5.295801e+01,-1.896154e+01,-2.386437e+01,0,0
4.838688e+00,4.044574e+00,-3.414333e+00,-1.196438e+01,9.809274e+00,7.096462e+00,4.511369e+01,6.671413e+00,-9.737095e+00,3.986819e+01,5.906981e+01,-2.951518e+01,-2.751101e+01,0,0,4.838688e+00,-4.044574e+00,3.414333e+00,-5.756892e+00,1.628295e+01,1.098807e+01,4.809829e+01,7.776173e+00,-1.034625e+01,3.915069e+01,4.841376e+01,-1.563392e+01,-2.139010e+01,0,0
4.770989e+00,3.198111e+00,-3.305286e+00,-1.028070e+01,8.719697e+00,5.833492e+00,4.543638e+01,3.580597e+00,-1.108397e+01,3.768475e+01,5.301192e+01,-2.582881e+01,-2.419437e+01,0,0,4.770989e+00,-3.198111e+00,3.305286e+00,-4.966775e+00,1.414331e+01,5.829326e+00,4.660748e+01,3.966572e+00,-1.245751e+01,3.431390e+01,4.298183e+01,-9.991964e+00,-1.481515e+01,0,0
3.961383e+00,2.792162e+00,-3.658588e+00,-1.056470e+01,7.880311e+00,1.379901e+00,4.552735e+01,1.871164e+00,-1.259950e+01,3.383486e+01,4.840373e+01,-2.143161e+01,-2.044001e+01,0,0,3.961383e+00,-2.792162e+00,3.658588e+00,-5.045720e+00,1.205048e+01,2.536814e+00,4.570801e+01,7.995580e-01,-1.310253e+01,3.061907e+01,3.646282e+01,-4.553260e+00,-1.110754e+01,0,0
3.490957e+00,2.466002e+00,-3.227822e+00,-1.107052e+01,6.730087e+00,-1.727994e+00,4.458601e+01,-6.856092e-01,-1.364499e+01,2.993371e+01,4.367996e+01,-1.762640e+01,-1.644205e+01,0,0,3.490957e+00,-2.466002e+00,3.227822e+00,-5.486700e+00,1.101529e+01,-1.591325e+00,4.481661e+01,-1.603343e+00,-1.438052e+01,2.475006e+01,3.236835e+01,1.943039e+00,-5.691432e+00,0,0
3.460321e+00,2.437851e+00,-3.202497e+00,-1.185030e+01,6.107120e+00,-3.599311e+00,4.381889e+01,-4.055935e+00,-1.444301e+01,2.497914e+01,3.932779e+01,-1.381181e+01,-1.206445e+01,0,0,3.460321e+00,-2.437851e+00,3.202497e+00,-6.547688e+00,9.245827e+00,-2.264942e+00,4.334661e+01,-4.613499e+00,-1.548769e+01,1.839169e+01,2.974599e+01,8.106542e+00,3.708293e+00,0,0
3.432270e+00,2.545158e+00,-2.400508e+00,-1.239136e+01,4.727737e+00,-5.328034e+00,4.249953e+01,-6.238952e+00,-1.431415e+01,1.652025e+01,3.496267e+01,-4.441567e+00,-2.530337e+00,0,0,3.432270e+00,-2.545158e+00,2.400508e+00,-7.976228e+00,8.731275e+00,-5.035154e+00,4.165172e+01,-6.305687e+00,-1.623703e+01,1.109087e+01,2.719137e+01,1.641622e+01,9.969086e+00,0,0
3.432556e+00,2.986601e+00,-2.049922e+00,-1.323815e+01,4.722485e+00,-7.161291e+00,4.117457e+01,-7.281978e+00,-1.432681e+01,7.683228e+00,3.227493e+01,4.180592e+00,8.886871e+00,0,0,3.432556e+00,-2.986601e+00,2.049922e+00,-8.768515e+00,8.306777e+00,-5.072467e+00,4.054474e+01,-6.693090e+00,-1.611017e+01,2.521589e+00,2.538265e+01,2.692606e+01,1.932596e+01,0,0
3.432522e+00,2.982880e+00,-2.049974e+00,-1.367097e+01,4.213897e+00,-7.056060e+00,4.060174e+01,-7.063592e+00,-1.398611e+01,-1.388616e+00,3.099460e+01,1.412656e+01,1.905917e+01,0,0,3.432522e+00,-2.982880e+00,2.049974e+00,-8.840752e+00,7.725910e+00,-5.100601e+00,3.994507e+01,-6.690994e+00,-1.584739e+01,-8.773753e+00,2.445954e+01,3.948726e+01,3.338063e+01,0,0
3.047995e+00,2.629531e+00,-1.598060e+00,-1.349456e+01,3.474790e+00,-4.919449e+00,4.010139e+01,-6.427320e+00,-1.326837e+01,-1.030913e+01,2.996230e+01,2.452427e+01,3.080501e+01,0,0,3.047995e+00,-2.629531e+00,1.598060e+00,-9.626425e+00,7.890142e+00,-4.487077e+00,3.785984e+01,-6.069584e+00,-1.596656e+01,-1.850540e+01,2.461357e+01,4.944545e+01,4.232973e+01,0,0
3.043277e+00,3.074669e+00,-1.246693e+00,-1.416920e+01,3.398354e+00,-3.648866e+00,3.970270e+01,-6.018771e+00,-1.291183e+01,-1.971869e+01,2.954617e+01,3.501846e+01,4.220689e+01,0,0,3.043277e+00,-3.074669e+00,1.246693e+00,-9.559284e+00,8.180949e+00,-4.834116e+00,3.705440e+01,-5.760420e+00,-1.665621e+01,-2.720436e+01,2.631761e+01,5.837581e+01,5.401092e+01,0,0
2.580227e+00,3.545609e+00,-8.953346e-01,-1.501534e+01,2.755060e+00,-4.005984e+00,3.798406e+01,-5.367804e+00,-1.241625e+01,-2.743967e+01,2.999442e+01,4.293444e+01,5.289867e+01,0,0,2.580227e+00,-3.545609e+00,8.953346e-01,-9.532006e+00,8.451072e+00,-4.558651e+00,3.668133e+01,-5.109064e+00,-1.637707e+01,-3.329751e+01,2.753546e+01,6.513369e+01,6.027391e+01,0,0
2.582042e+00,3.551259e+00,-8.953648e-01,-1.552798e+01,3.115186e+00,-3.710324e+00,3.755613e+01,-4.500651e+00,-1.227984e+01,-3.252709e+01,3.008839e+01,5.022139e+01,6.225261e+01,0,0,2.582042e+00,-3.551259e+00,8.953648e-01,-1.044460e+01,8.190204e+00,-5.772339e+00,3.591344e+01,-5.084409e+00,-1.666926e+01,-3.624616e+01,2.864359e+01,7.010086e+01,6.845904e+01,0,0
3.015686e+00,3.966049e+00,-5.429141e-01,-1.609170e+01,2.841312e+00,-3.467318e+00,3.619412e+01,-3.970580e+00,-1.227664e+01,-3.750520e+01,2.990779e+01,5.585866e+01,6.979356e+01,0,0,3.015686e+00,-3.966049e+00,5.429141e-01,-1.030916e+01,8.618884e+00,-4.701096e+00,3.499372e+01,-4.446161e+00,-1.745323e+01,-4.059629e+01,2.802427e+01,7.544396e+01,7.361422e+01,0,0
3.015767e+00,3.965387e+00,-5.429293e-01,-1.648102e+01,2.928150e+00,-2.197445e+00,3.587185e+01,-3.115964e+00,-1.229940e+01,-3.981787e+01,2.945127e+01,5.872445e+01,7.304869e+01,0,0,3.015767e+00,-3.965387e+00,5.429293e-01,-1.019460e+01,8.562263e+00,-3.672672e+00,3.481793e+01,-4.352338e+00,-1.685346e+01,-4.333352e+01,2.756493e+01,7.821785e+01,7.756612e+01,0,0
2.998102e+00,4.408307e+00,-1.907823e-01,-1.682275e+01,2.714975e+00,-1.782973e+00,3.535334e+01,-2.858057e+00,-1.187914e+01,-4.175916e+01,2.884463e+01,5.990547e+01,7.369713e+01,0,0,2.998102e+00,-4.408307e+00,1.907823e-01,-9.656563e+00,8.909588e+00,-3.652498e+00,3.438992e+01,-3.467190e+00,-1.703259e+01,-4.391407e+01,2.700838e+01,8.003243e+01,7.852307e+01,0,0
2.998102e+00,4.408307e+00,-1.907823e-01,-1.690383e+01,2.557288e+00,-1.902516e+00,3.494319e+01,-2.847242e+00,-1.206376e+01,-4.169006e+01,2.857410e+01,5.992351e+01,7.350367e+01,0,0,2.998102e+00,-4.408307e+00,1.907823e-01,-1.005343e+01,8.926695e+00,-3.229475e+00,3.435664e+01,-2.925691e+00,-1.693802e+01,-4.399355e+01,2.665961e+01,8.024150e+01,7.888221e+01,0,0
2.998102e+00,4.408307e+00,-1.907823e-01,-1.694422e+01,2.417485e+00,-1.767685e+00,3.494319e+01,-2.847242e+00,-1.206376e+01,-4.140610e+01,2.820401e+01,5.985594e+01,7.283361e+01,0,0,2.998102e+00,-4.408307e+00,1.907823e-01,-1.006065e+01,8.789079e+00,-3.549885e+00,3.435664e+01,-2.925691e+00,-1.693802e+01,-4.266315e+01,2.607926e+01,7.942598e+01,7.704592e+01,0,0
2.971317e+00,4.855449e+00,1.627398e-01,-1.730887e+01,2.235908e+00,-1.690471e+00,3.500805e+01,-3.135468e+00,-1.183754e+01,-3.953816e+01,2.662501e+01,5.867438e+01,6.880181e+01,0,0,2.971317e+00,-4.855449e+00,-1.627398e-01,-1.002881e+01,8.350321e+00,-3.659151e+00,3.557332e+01,-3.203523e+00,-1.693591e+01,-3.457829e+01,2.466745e+01,7.361937e+01,6.826569e+01,0,0
3.423484e+00,4.828513e+00,1.626660e-01,-1.622172e+01,2.521917e+00,-1.636028e+00,3.564354e+01,-3.478213e+00,-1.155676e+01,-3.432916e+01,2.522993e+01,5.318356e+01,6.100575e+01,0,0,3.423484e+00,-4.828513e+00,-1.626660e-01,-9.752051e+00,7.550790e+00,-5.352835e+00,3.664672e+01,-4.094753e+00,-1.664028e+01,-2.385519e+01,2.409456e+01,6.244102e+01,5.385369e+01,0,0
3.425110e+00,4.838010e+00,1.626680e-01,-1.572470e+01,2.554098e+00,-2.196385e+00,3.676438e+01,-4.051830e+00,-1.100628e+01,-2.215836e+01,2.445792e+01,4.039431e+01,4.398504e+01,0,0,3.425110e+00,-4.838010e+00,-1.626680e-01,-1.004247e+01,7.174931e+00,-2.666591e+00,3.816705e+01,-3.608943e+00,-1.544662e+01,-8.085578e+00,2.480089e+01,4.723731e+01,3.611259e+01,0,0
3.776359e+00,4.875494e+00,1.626093e-01,-1.537053e+01,2.927991e+00,-3.088750e+00,3.842477e+01,-4.231809e+00,-1.100750e+01,-8.041669e+00,2.471677e+01,2.614764e+01,2.814193e+01,0,0,3.776359e+00,-4.875494e+00,-1.626093e-01,-1.049175e+01,7.614750e+00,4.236592e-01,3.952509e+01,-1.355948e+00,-1.373396e+01,6.909908e+00,2.757808e+01,3.243033e+01,2.080722e+01,0,0
3.751709e+00,4.862070e+00,1.616154e-01,-1.488514e+01,3.334386e+00,-1.339148e+00,3.970043e+01,-3.596955e+00,-1.064236e+01,5.410876e+00,2.658555e+01,9.987485e+00,1.143993e+01,0,0,3.751709e+00,-4.862070e+00,-1.616154e-01,-1.026405e+01,8.913649e+00,4.284325e+00,4.057646e+01,2.774046e+00,-1.173025e+01,1.745229e+01,3.199520e+01,2.078409e+01,1.202121e+01,0,0
3.809777e+00,4.420206e+00,-1.909550e-01,-1.457175e+01,3.909688e+00,-1.029900e+00,4.044587e+01,-2.178093e+00,-1.045290e+01,1.542292e+01,3.037604e+01,-2.661289e+00,-1.146176e+00,0,0,3.809777e+00,-4.420206e+00,1.909550e-01,-1.128550e+01,1.072053e+01,9.326306e+00,4.005180e+01,7.094089e+00,-1.014952e+01,2.491964e+01,3.584870e+01,9.622900e+00,4.483735e-01,0,0
3.877681e+00,3.871785e+00,-1.349363e+00,-1.480165e+01,5.065803e+00,2.801880e+00,4.117419e+01,1.176121e+00,-1.026987e+01,2.390833e+01,3.696222e+01,-1.342074e+01,-1.057916e+01,0,0,3.877681e+00,-3.871785e+00,1.349363e+00,-1.383450e+01,1.265080e+01,1.569176e+01,3.933656e+01,1.233690e+01,-7.923883e+00,3.063291e+01,4.141832e+01,9.503132e-02,-5.479702e+00,0,0
3.973839e+00,4.117373e+00,-2.608219e+00,-1.662763e+01,7.727402e+00,6.694275e+00,4.070537e+01,5.359736e+00,-8.773114e+00,2.940684e+01,4.466135e+01,-2.140491e+01,-1.868944e+01,0,0,3.973839e+00,-4.117373e+00,2.608219e+00,-1.706311e+01,1.613518e+01,2.157895e+01,3.882097e+01,1.880710e+01,-6.147804e+00,3.659343e+01,4.753398e+01,-9.028646e+00,-1.207459e+01,0,0
4.086061e+00,4.394944e+00,-3.865263e+00,-1.800284e+01,1.011776e+01,1.117087e+01,4.073519e+01,1.040666e+01,-8.151893e+00,3.375866e+01,5.399437e+01,-2.784306e+01,-2.384112e+01,0,0,4.086061e+00,-4.394944e+00,3.865263e+00,-2.091676e+01,1.969691e+01,2.955532e+01,3.739419e+01,2.585614e+01,-4.772111e+00,3.933913e+01,5.554078e+01,-1.484761e+01,-1.821381e+01,0,0
5.658690e+00,5.325625e+00,-6.072122e+00,-2.086815e+01,1.387482e+01,1.489297e+01,4.074344e+01,1.446667e+01,-8.894394e+00,3.380239e+01,6.332850e+01,-2.990869e+01,-2.512071e+01,0,0,5.658690e+00,-5.325625e+00,6.072122e+00,-2.405568e+01,2.185067e+01,3.528559e+01,3.630124e+01,3.063710e+01,-3.371633e+00,4.275881e+01,6.452274e+01,-1.850020e+01,-1.916940e+01,0,0
6.778625e+00,6.320703e+00,-7.488249e+00,-2.428516e+01,1.644567e+01,1.974341e+01,4.034390e+01,1.890827e+01,-8.442869e+00,3.500506e+01,7.169995e+01,-3.215557e+01,-2.747145e+01,0,0,6.778625e+00,-6.320703e+00,7.488249e+00,-2.581565e+01,2.348918e+01,3.929207e+01,3.632466e+01,3.456982e+01,-2.436211e+00,4.398643e+01,7.245281e+01,-2.169988e+01,-2.189644e+01,0,0
7.914537e+00,7.338514e+00,-8.865841e+00,-2.759758e+01,1.828729e+01,2.501809e+01,3.933879e+01,2.256358e+01,-7.474634e+00,3.499470e+01,7.971488e+01,-3.322005e+01,-2.825817e+01,0,0,7.914537e+00,-7.338514e+00,8.865841e+00,-2.708413e+01,2.361255e+01,4.258184e+01,3.593799e+01,3.676068e+01,-3.511051e-01,4.474594e+01,7.887391e+01,-2.398009e+01,-2.336533e+01,0,0
8.809489e+00,7.139647e+00,-9.664668e+00,-2.985301e+01,2.003580e+01,2.898085e+01,4.020352e+01,2.561552e+01,-6.665358e+00,3.485633e+01,8.842126e+01,-3.416245e+01,-2.609606e+01,0,0,8.809489e+00,-7.139647e+00,9.664668e+00,-2.911477e+01,2.403529e+01,4.468039e+01,3.447370e+01,3.838847e+01,4.261765e-01,4.427379e+01,8.440653e+01,-2.598993e+01,-2.613449e+01,0,0
9.614437e+00,7.658154e+00,-9.267102e+00,-3.280187e+01,1.980972e+01,3.281504e+01,3.982210e+01,2.773461e+01,-4.552599e+00,3.401486e+01,9.393729e+01,-3.526556e+01,-2.782404e+01,0,0,9.614437e+00,-7.658154e+00,9.267102e+00,-3.012283e+01,2.448410e+01,4.697405e+01,3.445817e+01,3.996629e+01,1.191024e+00,4.410702e+01,8.901568e+01,-2.718405e+01,-1.840650e+01,0,0
1.064371e+01,8.041997e+00,-9.795277e+00,-3.575329e+01,2.106095e+01,4.652940e+01,3.994051e+01,2.930579e+01,-4.967028e+00,3.414727e+01,1.002332e+02,-3.601300e+01,-2.770449e+01,0,0,1.064371e+01,-8.041997e+00,9.795277e+00,-3.055922e+01,2.394656e+01,4.632770e+01,3.466798e+01,3.995156e+01,1.434087e+00,4.451250e+01,9.239622e+01,-2.841835e+01,-2.959549e+01,0,0
1.224581e+01,7.933120e+00,-9.761588e+00,-3.710367e+01,2.192404e+01,3.585144e+01,4.043206e+01,3.057880e+01,-4.668611e+00,3.453380e+01,1.049629e+02,-3.692598e+01,-2.910638e+01,0,0,1.224581e+01,-7.933120e+00,9.761588e+00,-3.123711e+01,2.462408e+01,4.551644e+01,3.557146e+01,4.024520e+01,3.320749e-01,4.419107e+01,9.658313e+01,-2.801957e+01,-2.944129e+01,0,0
1.329209e+01,8.267473e+00,-1.028729e+01,-3.809002e+01,2.269334e+01,3.728358e+01,4.098014e+01,3.192337e+01,-4.703458e+00,3.435841e+01,1.101468e+02,-3.688763e+01,-2.906881e+01,0,0,1.329209e+01,-8.267473e+00,1.028729e+01,-3.185783e+01,2.447304e+01,4.838431e+01,3.621256e+01,4.070949e+01,1.884282e-01,4.519646e+01,1.007293e+02,-2.838078e+01,-3.205406e+01,0,0
1.411730e+01,8.286760e+00,-1.027455e+01,-3.929837e+01,2.346096e+01,4.069192e+01,4.171246e+01,3.221246e+01,-3.859625e+00,3.390403e+01,1.138050e+02,-3.785482e+01,-3.089788e+01,0,0,1.411730e+01,-8.286760e+00,1.027455e+01,-3.325948e+01,2.472228e+01,4.852558e+01,3.650542e+01,4.168841e+01,3.968334e-01,4.504027e+01,1.052937e+02,-2.892265e+01,-3.298599e+01,0,0
1.502740e+01,8.150753e+00,-1.105452e+01,-4.035054e+01,2.398192e+01,4.231014e+01,4.224690e+01,3.371207e+01,-3.524035e+00,3.400494e+01,1.175709e+02,-3.835196e+01,-3.159876e+01,0,0,1.502740e+01,-8.150753e+00,1.105452e+01,-3.426362e+01,2.401205e+01,4.822625e+01,3.532500e+01,4.133941e+01,1.422626e+00,4.522344e+01,1.080486e+02,-3.001931e+01,-3.434573e+01,0,0
1.584116e+01,8.147828e+00,-1.103596e+01,-4.149236e+01,2.447380e+01,4.356905e+01,4.271030e+01,3.484583e+01,-3.237871e+00,3.411933e+01,1.205031e+02,-3.967776e+01,-3.315874e+01,0,0,1.584116e+01,-8.147828e+00,1.103596e+01,-3.514349e+01,2.391735e+01,5.093761e+01,3.551556e+01,4.210082e+01,1.594333e+00,4.462627e+01,1.107867e+02,-3.032125e+01,-3.491387e+01,0,0
1.632728e+01,8.211192e+00,-1.110481e+01,-4.222294e+01,2.489541e+01,4.502451e+01,4.303671e+01,3.564405e+01,-2.135947e+00,3.317860e+01,1.241173e+02,-4.192434e+01,-3.596500e+01,0,0,1.632728e+01,-8.211192e+00,1.110481e+01,-3.607520e+01,2.419653e+01,5.002819e+01,3.392180e+01,4.249389e+01,1.847593e+00,4.367264e+01,1.130014e+02,-3.048817e+01,-3.565031e+01,0,0
1.638018e+01,8.334610e+00,-1.112680e+01,-4.355798e+01,2.551384e+01,4.798872e+01,4.245489e+01,3.705305e+01,-9.391220e-01,3.205381e+01,1.272385e+02,-4.319760e+01,-3.865741e+01,0,0,1.638018e+01,-8.334610e+00,1.112680e+01,-3.718107e+01,2.387271e+01,5.472813e+01,3.338326e+01,4.308231e+01,2.413169e+00,4.243350e+01,1.167836e+02,-3.156136e+01,-3.759740e+01,0,0
1.723412e+01,8.087044e+00,-1.187516e+01,-4.366256e+01,2.627467e+01,4.968795e+01,4.342195e+01,3.870615e+01,-1.849232e+00,3.318838e+01,1.296773e+02,-4.306133e+01,-3.949592e+01,0,0,1.723412e+01,-8.087044e+00,1.187516e+01,-3.832924e+01,2.369108e+01,5.264079e+01,3.263832e+01,4.332199e+01,2.549452e+00,4.156111e+01,1.190434e+02,-3.229729e+01,-3.840956e+01,0,0
1.763780e+01,8.233950e+00,-1.187950e+01,-4.044716e+01,2.944812e+01,4.872727e+01,4.351005e+01,3.895095e+01,-7.962743e-01,3.319007e+01,1.309404e+02,-4.347016e+01,-4.019085e+01,0,0,1.763780e+01,-8.233950e+00,1.187950e+01,-3.810176e+01,2.746807e+01,5.360949e+01,3.195353e+01,4.387873e+01,2.719155e+00,4.118281e+01,1.200484e+02,-3.265140e+01,-3.889319e+01,0,0
1.819209e+01,8.103287e+00,-1.193918e+01,-4.032036e+01,2.999601e+01,4.887431e+01,4.392477e+01,3.904098e+01,-9.647867e-01,3.344975e+01,1.323188e+02,-4.400973e+01,-3.977214e+01,0,0,1.819209e+01,-8.103287e+00,1.193918e+01,-3.804421e+01,2.760315e+01,5.312005e+01,3.112057e+01,4.348148e+01,3.387462e+00,4.101371e+01,1.196025e+02,-3.225303e+01,-3.976877e+01,0,0
1.818897e+01,8.086165e+00,-1.193899e+01,-4.129411e+01,2.953447e+01,4.968600e+01,4.386069e+01,3.991124e+01,-1.138412e+00,3.328585e+01,1.335428e+02,-4.404352e+01,-4.096008e+01,0,0,1.818897e+01,-8.086165e+00,1.193899e+01,-3.789615e+01,2.697344e+01,5.297592e+01,3.096469e+01,4.321853e+01,3.445105e+00,4.057717e+01,1.195385e+02,-3.281873e+01,-4.034984e+01,0,0
1.840424e+01,7.787781e+00,-1.146105e+01,-4.138493e+01,2.966688e+01,5.215186e+01,4.296955e+01,3.993720e+01,1.118016e-01,3.242180e+01,1.341853e+02,-4.531592e+01,-4.178490e+01,0,0,1.840424e+01,-7.787781e+00,1.146105e+01,-3.843907e+01,2.764515e+01,5.324604e+01,3.118109e+01,4.351437e+01,2.767411e+00,4.055993e+01,1.196893e+02,-3.226101e+01,-3.978677e+01,0,0
1.805866e+01,7.772054e+00,-1.148076e+01,-4.526218e+01,2.669897e+01,5.167400e+01,4.292865e+01,4.036963e+01,2.536723e-01,3.166604e+01,1.359416e+02,-4.630827e+01,-4.293899e+01,0,0,1.805866e+01,-7.772054e+00,1.148076e+01,-3.991724e+01,2.386606e+01,5.227058e+01,3.074806e+01,4.356171e+01,3.394268e+00,4.025802e+01,1.198106e+02,-3.221806e+01,-4.043824e+01,0,0
1.791150e+01,7.749642e+00,-1.139402e+01,-4.541519e+01,2.638893e+01,5.140336e+01,4.285448e+01,4.041489e+01,4.466369e-01,3.092676e+01,1.368060e+02,-4.674844e+01,-4.369317e+01,0,0,1.791150e+01,-7.749642e+00,1.139402e+01,-3.983756e+01,2.373453e+01,5.247152e+01,3.081098e+01,4.362430e+01,3.019010e+00,3.999533e+01,1.199330e+02,-3.232317e+01,-4.026867e+01,0,0
1.790290e+01,7.712708e+00,-1.139341e+01,-4.576819e+01,2.613878e+01,5.337640e+01,4.249517e+01,4.079581e+01,5.851331e-01,3.111378e+01,1.376183e+02,-4.690301e+01,-5.854916e+01,0,0,1.790290e+01,-7.712708e+00,1.139341e+01,-3.972175e+01,2.361948e+01,5.287266e+01,3.145111e+01,4.339203e+01,2.706203e+00,4.024215e+01,1.200594e+02,-3.220636e+01,-4.011226e+01,0,0
1.777899e+01,7.396832e+00,-1.093820e+01,-4.521666e+01,2.590403e+01,5.182426e+01,4.253657e+01,4.051238e+01,1.033764e+00,3.133344e+01,1.383395e+02,-4.753145e+01,-4.378495e+01,0,0,1.777899e+01,-7.396832e+00,1.093820e+01,-4.049174e+01,2.406138e+01,5.332482e+01,3.139528e+01,4.375985e+01,2.061874e+00,3.996391e+01,1.205523e+02,-3.188014e+01,-4.052345e+01,0,0
1.777899e+01,7.396832e+00,-1.093820e+01,-4.586924e+01,2.607546e+01,5.220863e+01,4.260756e+01,4.044297e+01,9.081711e-01,3.085044e+01,1.389834e+02,-4.798504e+01,-4.492339e+01,0,0,1.777899e+01,-7.396832e+00,1.093820e+01,-4.125955e+01,2.434281e+01,5.249551e+01,3.010833e+01,4.434565e+01,2.477604e+00,3.885730e+01,1.213178e+02,-3.290923e+01,-4.048105e+01,0,0
1.790290e+01,7.712708e+00,-1.139341e+01,-4.763370e+01,2.618107e+01,5.430315e+01,4.268831e+01,4.117158e+01,6.169686e-01,3.096608e+01,1.404115e+02,-4.819928e+01,-4.542129e+01,0,0,1.790290e+01,-7.712708e+00,1.139341e+01,-4.116307e+01,2.403665e+01,5.227719e+01,2.986326e+01,4.366765e+01,3.132222e+00,3.796805e+01,1.215350e+02,-3.310374e+01,-4.111410e+01,0,0
1.777899e+01,7.396832e+00,-1.093820e+01,-4.792713e+01,2.533172e+01,5.338593e+01,4.260080e+01,4.100608e+01,1.396934e+00,3.022628e+01,1.413896e+02,-4.972761e+01,-4.728117e+01,0,0,1.777899e+01,-7.396832e+00,1.093820e+01,-4.217702e+01,2.403541e+01,5.303575e+01,2.899748e+01,4.430293e+01,3.232800e+00,3.721634e+01,1.221846e+02,-3.371717e+01,-4.187680e+01,0,0
1.777899e+01,7.396832e+00,-1.093820e+01,-4.850638e+01,2.550521e+01,5.547440e+01,4.240527e+01,4.176988e+01,1.457295e+00,2.950744e+01,1.424665e+02,-5.079247e+01,-4.825455e+01,0,0,1.777899e+01,-7.396832e+00,1.093820e+01,-4.234277e+01,2.369953e+01,5.312038e+01,2.895379e+01,4.423559e+01,3.410157e+00,3.699025e+01,1.221979e+02,-3.378532e+01,-4.244802e+01,0,0
1.777899e+01,7.396832e+00,-1.093820e+01,-4.848661e+01,2.542628e+01,5.509802e+01,4.193245e+01,4.170953e+01,1.511176e+00,2.920524e+01,1.434309e+02,-5.140164e+01,-4.894838e+01,0,0,1.777899e+01,-7.396832e+00,1.093820e+01,-4.217983e+01,2.385917e+01,5.341405e+01,2.828159e+01,4.449802e+01,3.640989e+00,3.668545e+01,1.219935e+02,-3.415180e+01,-4.291107e+01,0,0
1.777899e+01,7.396832e+00,-1.093820e+01,-4.832608e+01,2.511216e+01,5.556152e+01,4.173481e+01,4.172166e+01,2.039924e+00,2.874121e+01,1.438413e+02,-5.167527e+01,-5.047356e+01,0,0,1.777899e+01,-7.396832e+00,1.093820e+01,-4.269253e+01,2.362842e+01,5.372788e+01,2.823817e+01,4.442273e+01,3.764590e+00,3.653929e+01,1.218636e+02,-3.427667e+01,-4.360918e+01,0,0
1.777899e+01,7.396832e+00,-1.093820e+01,-4.884045e+01,2.515495e+01,5.610107e+01,4.117399e+01,4.205939e+01,2.518886e+00,2.858280e+01,1.445704e+02,-5.240983e+01,-5.022448e+01,0,0,1.777899e+01,-7.396832e+00,1.093820e+01,-4.279262e+01,2.362088e+01,5.307548e+01,2.823817e+01,4.442273e+01,3.764590e+00,3.604168e+01,1.222675e+02,-3.457888e+01,-4.353983e+01,0,0
1.777899e+01,7.396832e+00,-1.093820e+01,-4.853773e+01,2.513982e+01,5.472382e+01,4.117399e+01,4.205939e+01,2.518886e+00,2.826605e+01,1.449724e+02,-5.244724e+01,-5.018048e+01,0,0,1.777899e+01,-7.396832e+00,1.093820e+01,-4.297842e+01,2.355167e+01,5.352439e+01,2.823817e+01,4.442273e+01,3.764590e+00,3.584257e+01,1.225149e+02,-3.455028e+01,-4.339542e+01,0,0
1.777899e+01,7.396832e+00,-1.093820e+01,-4.867725e+01,2.499532e+01,5.611668e+01,4.117399e+01,4.205939e+01,2.518886e+00,2.855113e+01,1.454289e+02,-5.227808e+01,-5.036418e+01,0,0,1.777899e+01,-7.396832e+00,1.093820e+01,-4.299931e+01,2.364189e+01,5.325224e+01,2.823817e+01,4.442273e+01,3.764590e+00,3.563725e+01,1.226142e+02,-3.458983e+01,-4.335065e+01,0,0
1.777899e+01,7.396832e+00,-1.093820e+01,-4.888190e+01,2.447154e+01,5.577258e+01,4.117399e+01,4.205939e+01,2.518886e+00,2.879902e+01,1.458725e+02,-5.237793e+01,-5.021012e+01,0,0,1.777899e+01,-7.396832e+00,1.093820e+01,-4.293687e+01,2.339662e+01,5.273153e+01,2.782653e+01,4.374118e+01,3.990687e+00,3.608852e+01,1.221830e+02,-3.404736e+01,-4.141294e+01,0,0
1.777899e+01,7.396832e+00,-1.093820e+01,-4.867500e+01,2.465339e+01,5.530210e+01,4.117399e+01,4.205939e+01,2.518886e+00,2.845607e+01,1.463478e+02,-5.241898e+01,-4.998155e+01,0,0,1.777899e+01,-7.396832e+00,1.093820e+01,-4.253845e+01,2.333891e+01,5.221183e+01,2.805924e+01,4.276915e+01,3.999015e+00,3.630129e+01,1.217751e+02,-3.336778e+01,-4.101522e+01,0,0
1.777899e+01,7.396832e+00,-1.093820e+01,-4.893766e+01,2.469151e+01,5.578502e+01,4.117399e+01,4.205939e+01,2.518886e+00,2.854062e+01,1.465552e+02,-5.180555e+01,-4.977306e+01,0,0,1.777899e+01,-7.396832e+00,1.093820e+01,-4.222826e+01,2.320645e+01,5.298069e+01,2.805924e+01,4.276915e+01,3.999015e+00,3.632797e+01,1.217793e+02,-3.334825e+01,-4.071264e+01,0,0
1.781415e+01,7.829398e+00,-1.060041e+01,-4.914832e+01,2.425854e+01,5.518735e+01,4.050960e+01,4.183079e+01,2.867366e+00,2.793019e+01,1.464939e+02,-5.204018e+01,-5.002689e+01,0,0,1.781415e+01,-7.829398e+00,1.060041e+01,-4.150925e+01,2.335140e+01,5.305699e+01,2.871269e+01,4.305783e+01,3.434962e+00,3.618058e+01,1.222099e+02,-3.312211e+01,-4.043312e+01,0,0
1.781182e+01,7.814333e+00,-1.060032e+01,-4.913166e+01,2.414599e+01,5.559393e+01,4.052530e+01,4.183063e+01,2.866662e+00,2.823325e+01,1.465308e+02,-5.178411e+01,-5.007549e+01,0,0,1.781182e+01,-7.814333e+00,1.060032e+01,-4.173049e+01,2.303323e+01,5.077181e+01,2.852764e+01,4.238319e+01,2.987816e+00,3.692833e+01,1.215861e+02,-3.212042e+01,-4.070267e+01,0,0
1.781182e+01,7.814333e+00,-1.060032e+01,-4.929373e+01,2.437550e+01,5.541111e+01,4.066464e+01,4.187269e+01,2.551174e+00,2.825057e+01,1.467266e+02,-5.151352e+01,-4.958466e+01,0,0,1.781182e+01,-7.814333e+00,1.060032e+01,-4.120388e+01,2.319357e+01,5.042537e+01,2.896124e+01,4.174242e+01,3.028035e+00,3.648465e+01,1.210740e+02,-3.239102e+01,-3.959734e+01,0,0
1.727655e+01,7.632030e+00,-1.016857e+01,-4.936514e+01,2.396532e+01,5.559052e+01,4.025785e+01,4.187339e+01,3.679563e+00,2.719155e+01,1.465709e+02,-5.287126e+01,-5.056188e+01,0,0,1.727655e+01,-7.632030e+00,1.016857e+01,-4.131063e+01,2.313707e+01,5.277439e+01,2.849713e+01,4.237506e+01,3.252903e+00,3.645746e+01,1.215670e+02,-3.191716e+01,-3.947283e+01,0,0
1.688289e+01,7.517781e+00,-1.016564e+01,-4.936445e+01,2.387534e+01,5.556012e+01,4.018228e+01,4.180883e+01,3.639845e+00,2.901015e+01,1.456588e+02,-5.117534e+01,-4.825012e+01,0,0,1.688289e+01,-7.517781e+00,1.016564e+01,-4.085934e+01,2.310082e+01,5.097489e+01,2.899879e+01,4.083387e+01,2.764293e+00,3.704542e+01,1.202578e+02,-3.150235e+01,-3.843810e+01,0,0
1.597795e+01,7.579262e+00,-1.012732e+01,-4.929363e+01,2.422495e+01,5.517038e+01,3.957448e+01,4.177983e+01,3.279647e+00,3.015693e+01,1.443540e+02,-4.876502e+01,-4.530955e+01,0,0,1.597795e+01,-7.579262e+00,1.012732e+01,-3.995231e+01,2.278494e+01,4.863191e+01,3.010840e+01,4.006499e+01,2.977298e+00,3.754326e+01,1.187180e+02,-3.188855e+01,-3.863638e+01,0,0
1.547057e+01,7.144186e+00,-9.666414e+00,-4.757845e+01,2.416739e+01,5.344418e+01,4.026086e+01,4.085678e+01,2.858373e+00,3.229506e+01,1.415900e+02,-4.628297e+01,-4.231239e+01,0,0,1.547057e+01,-7.144186e+00,9.666414e+00,-3.848378e+01,2.298107e+01,4.733700e+01,3.081087e+01,3.849907e+01,2.536543e+00,3.885546e+01,1.171637e+02,-3.096771e+01,-3.660394e+01,0,0
1.500149e+01,7.157557e+00,-9.668828e+00,-4.669584e+01,2.527305e+01,5.226667e+01,4.093936e+01,3.944842e+01,2.089583e+00,3.514682e+01,1.381727e+02,-4.325550e+01,-3.826663e+01,0,0,1.500149e+01,-7.157557e+00,9.668828e+00,-3.620834e+01,2.309608e+01,4.547224e+01,3.280689e+01,3.686028e+01,1.944113e+00,4.081508e+01,1.136125e+02,-3.003545e+01,-3.459238e+01,0,0
1.441805e+01,6.764807e+00,-9.153897e+00,-4.553108e+01,2.622421e+01,5.098957e+01,4.195925e+01,3.788923e+01,1.014717e+00,3.685923e+01,1.343157e+02,-4.075489e+01,-3.461651e+01,0,0,1.441805e+01,-6.764807e+00,9.153897e+00,-3.427010e+01,2.392237e+01,4.373450e+01,3.494456e+01,3.498587e+01,1.142990e+00,4.257550e+01,1.105104e+02,-2.919201e+01,-3.358627e+01,0,0
1.388480e+01,6.540368e+00,-8.716883e+00,-4.347469e+01,2.687208e+01,4.731109e+01,4.284735e+01,3.635707e+01,1.270561e-01,3.840186e+01,1.303828e+02,-3.859988e+01,-3.139035e+01,0,0,1.388480e+01,-6.540368e+00,8.716883e+00,-3.219656e+01,2.497767e+01,4.137287e+01,3.668514e+01,3.343990e+01,3.906519e-01,4.353651e+01,1.074246e+02,-2.861344e+01,-3.153253e+01,0,0
1.258147e+01,6.094645e+00,-8.267015e+00,-4.265541e+01,2.650999e+01,4.676171e+01,4.319950e+01,3.498158e+01,-1.400421e-02,4.013894e+01,1.265347e+02,-3.763710e+01,-2.983354e+01,0,0,1.258147e+01,-6.094645e+00,8.267015e+00,-3.134969e+01,2.556373e+01,4.166941e+01,3.756227e+01,3.305039e+01,2.326689e-01,4.418510e+01,1.045845e+02,-2.841597e+01,-3.004469e+01,0,0
1.161937e+01,5.931767e+00,-7.772993e+00,-4.163834e+01,2.607352e+01,4.455226e+01,4.349384e+01,3.409297e+01,-3.186137e-01,4.151991e+01,1.214164e+02,-3.686200e+01,-2.905614e+01,0,0,1.161937e+01,-5.931767e+00,7.772993e+00,-2.991989e+01,2.597703e+01,4.872097e+01,3.942128e+01,3.206628e+01,-2.000601e-01,4.536769e+01,1.005786e+02,-2.752180e+01,-2.969420e+01,0,0
1.071147e+01,5.581445e+00,-7.324792e+00,-3.937805e+01,2.628513e+01,4.369051e+01,4.298707e+01,3.272027e+01,-3.755564e-01,4.273468e+01,1.163428e+02,-3.576745e+01,-2.744649e+01,0,0,1.071147e+01,-5.581445e+00,7.324792e+00,-2.739281e+01,2.633385e+01,4.016926e+01,4.073015e+01,3.045611e+01,-3.967545e-01,4.638774e+01,9.646538e+01,-2.745072e+01,-2.870586e+01,0,0
9.807557e+00,5.229666e+00,-6.874381e+00,-3.714289e+01,2.577213e+01,4.065291e+01,4.339383e+01,3.067166e+01,-8.668765e-01,4.347998e+01,1.099182e+02,-3.527252e+01,-2.642185e+01,0,0,9.807557e+00,-5.229666e+00,6.874381e+00,-2.378644e+01,2.610232e+01,3.746002e+01,4.244693e+01,2.829663e+01,-1.041419e+00,4.785564e+01,9.139369e+01,-2.663297e+01,-2.632089e+01,0,0
9.183950e+00,4.534703e+00,-5.961384e+00,-3.269531e+01,2.458467e+01,3.509619e+01,4.493502e+01,2.726250e+01,-1.575308e+00,4.501560e+01,1.028460e+02,-3.402768e+01,-2.677197e+01,0,0,9.183950e+00,-4.534703e+00,5.961384e+00,-1.985395e+01,2.585717e+01,3.406817e+01,4.499463e+01,2.578732e+01,-2.550391e+00,4.886097e+01,8.419821e+01,-2.580643e+01,-2.857037e+01,0,0
8.229927e+00,3.831697e+00,-5.052738e+00,-2.856219e+01,2.312471e+01,3.082417e+01,4.577404e+01,2.423788e+01,-2.247527e+00,4.612888e+01,9.568578e+01,-3.379612e+01,-2.748318e+01,0,0,8.229927e+00,-3.831697e+00,5.052738e+00,-1.600629e+01,2.534407e+01,3.042259e+01,4.663164e+01,2.324624e+01,-4.019439e+00,5.007620e+01,7.833450e+01,-2.561463e+01,-2.779663e+01,0,0
6.926959e+00,3.015276e+00,-4.913579e+00,-2.416547e+01,2.162592e+01,2.812468e+01,4.650296e+01,2.218096e+01,-2.962211e+00,4.753701e+01,8.938203e+01,-3.351215e+01,-2.676209e+01,0,0,6.926959e+00,-3.015276e+00,4.913579e+00,-1.377754e+01,2.417131e+01,2.743118e+01,4.807585e+01,2.070431e+01,-4.357942e+00,5.030337e+01,7.269191e+01,-2.521080e+01,-2.996190e+01,0,0
5.668691e+00,3.069223e+00,-4.916608e+00,-2.099010e+01,1.956310e+01,2.254096e+01,4.672705e+01,1.900847e+01,-4.774033e+00,4.940471e+01,8.324838e+01,-3.227139e+01,-2.886319e+01,0,0,5.668691e+00,-3.069223e+00,4.916608e+00,-1.050604e+01,2.241316e+01,2.388443e+01,4.895047e+01,1.789658e+01,-5.004929e+00,5.012910e+01,6.747256e+01,-2.445280e+01,-3.025256e+01,0,0
4.795847e+00,2.607499e+00,-4.463667e+00,-1.699835e+01,1.701558e+01,1.834201e+01,4.723784e+01,1.570439e+01,-5.640291e+00,5.017982e+01,7.668641e+01,-3.136440e+01,-2.918411e+01,0,0,4.795847e+00,-2.607499e+00,4.463667e+00,-8.375401e+00,2.126835e+01,2.540831e+01,4.953233e+01,1.562476e+01,-5.896498e+00,4.824205e+01,6.175346e+01,-2.323393e+01,-2.997226e+01,0,0
4.338108e+00,2.113623e+00,-4.836403e+00,-1.487383e+01,1.579009e+01,1.583010e+01,4.852090e+01,1.327102e+01,-8.341526e+00,5.111339e+01,7.131129e+01,-3.003454e+01,-2.934651e+01,0,0,4.338108e+00,-2.113623e+00,4.836403e+00,-7.150144e+00,1.900437e+01,1.576810e+01,4.949527e+01,1.232896e+01,-7.307201e+00,4.645910e+01,5.749630e+01,-2.159568e+01,-2.789030e+01,0,0
3.460928e+00,1.803462e+00,-4.352953e+00,-1.260279e+01,1.378584e+01,1.220313e+01,4.869573e+01,1.042464e+01,-9.212694e+00,5.071172e+01,6.483976e+01,-2.939346e+01,-3.015762e+01,0,0,3.460928e+00,-1.803462e+00,4.352953e+00,-5.551614e+00,1.771079e+01,1.129794e+01,4.893820e+01,9.833875e+00,-9.122170e+00,4.515750e+01,5.356071e+01,-1.960907e+01,-2.699263e+01,0,0
2.636046e+00,1.469794e+00,-3.929601e+00,-1.171016e+01,1.145226e+01,8.531211e+00,4.822252e+01,7.038693e+00,-1.050306e+01,5.041670e+01,5.930532e+01,-2.858893e+01,-3.416405e+01,0,0,2.636046e+00,-1.469794e+00,3.929601e+00,-5.281240e+00,1.627990e+01,1.062256e+01,4.831552e+01,7.854553e+00,-1.066077e+01,4.307076e+01,4.916242e+01,-1.666911e+01,-2.483580e+01,0,0
2.571205e+00,6.321744e-01,-3.821421e+00,-1.072197e+01,9.828051e+00,5.917738e+00,4.873231e+01,4.429537e+00,-1.216322e+01,4.889557e+01,5.408765e+01,-2.740219e+01,-2.842516e+01,0,0,2.571205e+00,-6.321744e-01,3.821421e+00,-5.843462e+00,1.414240e+01,6.305304e+00,4.723091e+01,3.855692e+00,-1.230042e+01,3.856222e+01,4.434859e+01,-1.235622e+01,-2.277992e+01,0,0
1.751811e+00,6.551719e-01,-3.793562e+00,-1.093253e+01,8.986312e+00,3.397774e+00,4.821333e+01,2.519809e+00,-1.276650e+01,4.626389e+01,5.020929e+01,-2.481941e+01,-3.030170e+01,0,0,1.751811e+00,-6.551719e-01,3.793562e+00,-6.611066e+00,1.277738e+01,3.583075e+00,4.646329e+01,1.511958e+00,-1.315414e+01,3.508669e+01,4.024029e+01,-8.374106e+00,-1.756286e+01,0,0
1.332241e+00,1.102454e+00,-3.466433e+00,-1.164895e+01,8.293776e+00,1.421825e-02,4.695281e+01,1.341113e-01,-1.363643e+01,4.215127e+01,4.607912e+01,-2.170824e+01,-2.339486e+01,0,0,1.332241e+00,-1.102454e+00,3.466433e+00,-6.318712e+00,1.174462e+01,1.954025e+00,4.634545e+01,-3.155629e-01,-1.387478e+01,3.230925e+01,3.673822e+01,-5.047568e+00,-1.456867e+01,0,0
4.957969e-01,7.500318e-01,-3.009323e+00,-1.151459e+01,6.944234e+00,-2.498287e+00,4.606498e+01,-2.193923e+00,-1.421095e+01,3.989298e+01,4.255020e+01,-1.956466e+01,-2.134807e+01,0,0,4.957969e-01,-7.500318e-01,3.009323e+00,-6.734761e+00,1.059046e+01,3.170778e-01,4.499840e+01,-2.513763e+00,-1.438117e+01,2.806577e+01,3.351241e+01,4.303275e-01,-1.068148e+01,0,0
4.743116e-01,4.014538e-01,-2.557332e+00,-1.120978e+01,6.044525e+00,-4.644737e+00,4.581798e+01,-4.517288e+00,-1.471850e+01,3.552776e+01,3.891893e+01,-1.531070e+01,-1.732419e+01,0,0,4.743116e-01,-4.014538e-01,2.557332e+00,-7.970944e+00,1.049645e+01,-2.633854e+00,4.390305e+01,-3.932924e+00,-1.495550e+01,2.253953e+01,3.103473e+01,5.748830e+00,-5.578918e+00,0,0
4.743116e-01,4.014538e-01,-2.557332e+00,-1.127727e+01,5.738344e+00,-5.196810e+00,4.492908e+01,-5.201862e+00,-1.475949e+01,3.166732e+01,3.629957e+01,-1.231329e+01,-1.361654e+01,0,0,4.743116e-01,-4.014538e-01,2.557332e+00,-8.619969e+00,9.664818e+00,-3.521874e+00,4.222298e+01,-5.766635e+00,-1.507553e+01,1.761484e+01,2.805464e+01,1.045488e+01,-4.237609e-01,0,0
-3.155949e-01,8.697051e-01,-2.205728e+00,-1.210509e+01,5.178343e+00,-5.172344e+00,4.429197e+01,-5.406676e+00,-1.433874e+01,2.744488e+01,3.378562e+01,-8.321727e+00,-8.498163e+00,0,0,-3.155949e-01,-8.697051e-01,2.205728e+00,-9.734709e+00,8.793313e+00,-3.340994e+00,4.144657e+01,-5.786654e+00,-1.514078e+01,1.518075e+01,2.660984e+01,1.433837e+01,3.863852e+00,0,0
-3.050180e-01,1.310572e+00,-1.853890e+00,-1.284217e+01,4.488465e+00,-5.212382e+00,4.349777e+01,-5.602109e+00,-1.427812e+01,2.310041e+01,3.118863e+01,-3.649163e+00,-3.657148e+00,0,0,-3.050180e-01,-1.310572e+00,1.853890e+00,-1.075283e+01,8.331704e+00,-3.453620e+00,4.034353e+01,-6.032684e+00,-1.472372e+01,1.087797e+01,2.485521e+01,1.971349e+01,7.839754e+00,0,0
-3.051462e-01,1.306884e+00,-1.853941e+00,-1.294568e+01,4.397661e+00,-5.504345e+00,4.328305e+01,-5.761585e+00,-1.389317e+01,1.847997e+01,2.971776e+01,2.221959e+00,4.093294e+00,0,0,-3.051462e-01,-1.306884e+00,1.853941e+00,-1.141746e+01,8.130843e+00,-3.576332e+00,3.958375e+01,-6.034017e+00,-1.508121e+01,6.688542e+00,2.356271e+01,2.426808e+01,1.292426e+01,0,0
-2.999020e-01,1.750315e+00,-1.501940e+00,-1.346361e+01,3.818290e+00,-1.002569e+01,4.265889e+01,-5.347077e+00,-1.313961e+01,1.405519e+01,2.801941e+01,7.321401e+00,9.096454e+00,0,0,-2.999020e-01,-1.750315e+00,1.501940e+00,-1.096055e+01,7.700279e+00,-3.213320e+00,3.892627e+01,-5.240027e+00,-1.486828e+01,3.967342e+00,2.276812e+01,2.843699e+01,1.654757e+01,0,0
1.525024e-01,1.727972e+00,-1.501947e+00,-1.371964e+01,3.874898e+00,-4.216257e+00,4.204908e+01,-4.806927e+00,-1.295724e+01,8.960204e+00,2.656436e+01,1.348806e+01,1.544273e+01,0,0,1.525024e-01,-1.727972e+00,1.501947e+00,-1.095460e+01,7.944564e+00,-4.154375e+00,3.837682e+01,-5.404205e+00,-1.476109e+01,-4.251103e-02,2.114814e+01,3.395828e+01,2.234816e+01,0,0
1.325613e-01,1.385354e+00,-1.048804e+00,-1.333889e+01,3.500177e+00,-3.446655e+00,4.181588e+01,-5.163693e+00,-1.233619e+01,3.903629e+00,2.493807e+01,1.838328e+01,2.237607e+01,0,0,1.325613e-01,-1.385354e+00,1.048804e+00,-1.132369e+01,8.253881e+00,-3.483488e+00,3.797198e+01,-4.515224e+00,-1.501137e+01,-5.208543e+00,2.031315e+01,4.167677e+01,2.932773e+01,0,0
4.823165e-01,1.395733e+00,-1.042395e+00,-1.384314e+01,2.925404e+00,-2.255953e+00,4.073070e+01,-4.009685e+00,-1.209264e+01,-3.202107e+00,2.376715e+01,2.533377e+01,2.962705e+01,0,0,4.823165e-01,-1.395733e+00,1.042395e+00,-1.134748e+01,7.964156e+00,-3.597886e+00,3.739648e+01,-4.113533e+00,-1.511401e+01,-1.043959e+01,2.014819e+01,4.839409e+01,3.991852e+01,0,0
4.823165e-01,1.395733e+00,-1.042395e+00,-1.462242e+01,2.883971e+00,-1.238144e+00,3.988208e+01,-2.648680e+00,-1.212849e+01,-8.899112e+00,2.172056e+01,3.065436e+01,3.557930e+01,0,0,4.823165e-01,-1.395733e+00,1.042395e+00,-1.190295e+01,7.412824e+00,-3.063768e+00,3.686306e+01,-4.104973e+00,-1.464567e+01,-1.610097e+01,1.970719e+01,5.607915e+01,4.645706e+01,0,0
9.378501e-01,1.940967e+00,-6.959465e-01,-1.487547e+01,2.673175e+00,-2.704970e+00,3.864750e+01,-2.509540e+00,-1.156177e+01,-1.734539e+01,2.020191e+01,3.814182e+01,4.229104e+01,0,0,9.378501e-01,-1.940967e+00,6.959465e-01,-1.197972e+01,8.327295e+00,-2.007227e+00,3.613730e+01,-2.350713e+00,-1.506250e+01,-2.078579e+01,1.810424e+01,6.005588e+01,5.283202e+01,0,0
1.284862e+00,1.960988e+00,-6.916123e-01,-1.499939e+01,2.785737e+00,3.874008e-01,3.771551e+01,-9.752857e-01,-1.156930e+01,-2.251358e+01,1.939245e+01,4.400407e+01,4.989936e+01,0,0,1.284862e+00,-1.960988e+00,6.916123e-01,-1.161769e+01,8.200777e+00,-9.578028e-01,3.523133e+01,-1.747672e+00,-1.503823e+01,-2.633994e+01,1.748007e+01,6.475353e+01,5.728624e+01,0,0
1.729197e+00,2.392877e+00,-3.411591e-01,-1.545959e+01,3.057229e+00,-3.445066e-01,3.682982e+01,-1.622534e-01,-1.138682e+01,-2.685996e+01,1.823972e+01,4.865073e+01,5.400946e+01,0,0,1.729197e+00,-2.392877e+00,3.411591e-01,-1.124906e+01,8.127383e+00,-1.996134e+00,3.502189e+01,-1.300919e+00,-1.538806e+01,-2.732407e+01,1.684320e+01,6.491955e+01,5.927484e+01,0,0
2.551625e+00,2.393639e+00,-3.436877e-01,-1.502099e+01,3.682665e+00,-6.077723e-01,3.671311e+01,-3.644418e-04,-1.172043e+01,-2.867303e+01,1.822290e+01,5.043306e+01,5.592427e+01,0,0,2.551625e+00,-2.393639e+00,3.436877e-01,-1.074552e+01,8.119477e+00,-2.847166e+00,3.471919e+01,-1.648822e+00,-1.609055e+01,-2.817350e+01,1.664576e+01,6.593779e+01,6.008558e+01,0,0
2.501560e+00,2.491067e+00,4.632148e-01,-1.508784e+01,3.058893e+00,-1.329651e-01,3.663385e+01,-8.546932e-02,-1.123567e+01,-2.830827e+01,1.757993e+01,5.017038e+01,5.502197e+01,0,0,2.501560e+00,-2.491067e+00,-4.632148e-01,-1.098642e+01,8.666368e+00,-1.526025e+00,3.467613e+01,-9.537839e-01,-1.617738e+01,-2.647409e+01,1.735536e+01,6.412121e+01,5.685949e+01,0,0
2.503172e+00,2.495991e+00,4.632159e-01,-1.481975e+01,3.060957e+00,-1.186381e-01,3.671778e+01,-8.553911e-02,-1.142030e+01,-2.408051e+01,1.760211e+01,4.584959e+01,4.917874e+01,0,0,2.503172e+00,-2.495991e+00,-4.632159e-01,-1.105294e+01,8.585500e+00,-1.385784e+00,3.468102e+01,-9.546645e-01,-1.617877e+01,-2.595941e+01,1.744089e+01,6.315659e+01,5.585638e+01,0,0
2.503235e+00,2.497129e+00,4.632297e-01,-1.436892e+01,3.250006e+00,6.236334e-01,3.784034e+01,-6.516193e-01,-1.087991e+01,-2.127154e+01,1.810935e+01,4.274904e+01,4.141032e+01,0,0,2.503235e+00,-2.497129e+00,-4.632297e-01,-1.130564e+01,8.267027e+00,-1.452947e+00,3.463587e+01,-9.527649e-01,-1.599021e+01,-2.594152e+01,1.748083e+01,6.312700e+01,5.574578e+01,0,0
2.503235e+00,2.497129e+00,4.632297e-01,-1.377907e+01,3.606924e+00,8.741388e-02,3.784433e+01,-5.110742e-01,-1.083215e+01,-1.907475e+01,1.800040e+01,4.054214e+01,4.238823e+01,0,0,2.503235e+00,-2.497129e+00,-4.632297e-01,-1.146857e+01,8.407766e+00,-2.104722e+00,3.463948e+01,-8.659575e-01,-1.590463e+01,-2.596051e+01,1.725282e+01,6.291515e+01,5.608161e+01,0,0
2.503235e+00,2.497129e+00,4.632297e-01,-1.390104e+01,3.264889e+00,-2.133487e-01,3.785898e+01,-6.574940e-01,-1.093230e+01,-1.802333e+01,1.797853e+01,3.919456e+01,4.116966e+01,0,0,2.503235e+00,-2.497129e+00,-4.632297e-01,-1.169009e+01,8.076451e+00,-2.144326e+00,3.450819e+01,-8.603694e-01,-1.557333e+01,-2.613658e+01,1.720503e+01,6.309100e+01,5.594657e+01,0,0
2.481576e+00,2.940075e+00,8.157225e-01,-1.431429e+01,3.055611e+00,-2.445125e-01,3.776418e+01,-9.245827e-01,-1.056117e+01,-1.951961e+01,1.760944e+01,4.049196e+01,4.199714e+01,0,0,2.481576e+00,-2.940075e+00,-8.157225e-01,-1.113994e+01,8.568538e+00,-2.015022e+00,3.494903e+01,-5.620079e-01,-1.575985e+01,-2.477288e+01,1.746856e+01,6.377578e+01,5.536793e+01,0,0
2.481576e+00,2.940075e+00,8.157225e-01,-1.422959e+01,2.648209e+00,-7.744737e-01,3.754277e+01,-9.310708e-01,-1.103447e+01,-2.234410e+01,1.740072e+01,4.332964e+01,4.007883e+01,0,0,2.481576e+00,-2.940075e+00,-8.157225e-01,-1.093214e+01,8.265742e+00,-1.604327e+00,3.487529e+01,-5.586269e-01,-1.545919e+01,-2.380663e+01,1.757055e+01,6.287538e+01,5.418995e+01,0,0
