-4.523611e+00,-2.929493e+00,-3.587590e+00,-3.000930e+01,1.213950e+01,5.702853e+00,2.325339e+01,1.298002e+01,-4.820343e+00,1.385584e+01,7.761798e+01,-2.582488e+01,-3.717462e+02,0,0,-4.523611e+00,2.929493e+00,3.587590e+00,-4.795397e+01,5.364932e+00,5.495569e-01,2.938474e+00,3.831626e+00,-1.573537e+00,1.039118e+01,6.961702e+01,-1.740889e+01,-3.701438e+02,0,0
-4.523611e+00,-2.929493e+00,-3.587590e+00,-3.067940e+01,1.231542e+01,6.795817e+00,2.336771e+01,1.297962e+01,-4.514746e+00,1.395810e+01,7.759117e+01,-2.584695e+01,-3.719584e+02,0,0,-4.523611e+00,2.929493e+00,3.587590e+00,-4.821360e+01,5.444003e+00,5.738266e-01,2.938474e+00,3.831626e+00,-1.573537e+00,1.034726e+01,6.985863e+01,-1.793884e+01,-3.702121e+02,0,0
-4.543050e+00,-2.959088e+00,-3.601561e+00,-3.051939e+01,1.233509e+01,6.945331e+00,2.336829e+01,1.353714e+01,-4.500464e+00,1.387713e+01,7.776092e+01,-2.595155e+01,-3.718978e+02,0,0,-4.543050e+00,2.959088e+00,3.601561e+00,-4.812454e+01,5.511087e+00,5.646624e-01,2.906506e+00,3.819564e+00,-1.555338e+00,1.027163e+01,6.999211e+01,-1.817133e+01,-3.702146e+02,0,0
-4.543050e+00,-2.959088e+00,-3.601561e+00,-3.025475e+01,1.240732e+01,5.782137e+00,2.336829e+01,1.353714e+01,-4.500464e+00,1.358586e+01,7.789786e+01,-2.632254e+01,-3.717797e+02,0,0,-4.543050e+00,2.959088e+00,3.601561e+00,-4.822281e+01,5.594060e+00,5.738138e-01,2.906506e+00,3.819564e+00,-1.555338e+00,1.014559e+01,6.991007e+01,-1.817916e+01,-3.704310e+02,0,0
-4.544571e+00,-2.936190e+00,-3.659121e+00,-3.044199e+01,1.243210e+01,6.830663e+00,2.335037e+01,1.359109e+01,-4.521108e+00,1.369162e+01,7.785338e+01,-2.632443e+01,-3.718669e+02,0,0,-4.544571e+00,2.936190e+00,3.659121e+00,-4.810108e+01,5.235091e+00,5.239584e-01,2.928872e+00,3.762307e+00,-1.549438e+00,1.023177e+01,7.009203e+01,-1.814480e+01,-3.702563e+02,0,0
-4.602022e+00,-2.933805e+00,-3.658832e+00,-3.046536e+01,1.240795e+01,6.904993e+00,2.333859e+01,1.361087e+01,-4.465559e+00,1.356659e+01,7.788072e+01,-2.635302e+01,-3.721486e+02,0,0,-4.602022e+00,2.933805e+00,3.658832e+00,-4.833105e+01,5.369637e+00,5.854934e-01,2.923828e+00,3.768465e+00,-1.492143e+00,1.011198e+01,7.009004e+01,-1.804437e+01,-3.703499e+02,0,0
-4.559113e+00,-2.409872e+00,-3.435129e+00,-3.083563e+01,1.208451e+01,5.747879e+00,2.280106e+01,1.327896e+01,-4.444566e+00,1.294762e+01,7.759556e+01,-2.639412e+01,-3.720962e+02,0,0,-4.559113e+00,2.409872e+00,3.435129e+00,-4.788583e+01,5.384458e+00,7.503954e-01,3.450947e+00,3.989246e+00,-1.514872e+00,1.055350e+01,7.008093e+01,-1.801639e+01,-3.704043e+02,0,0
-4.559113e+00,-2.409872e+00,-3.435129e+00,-3.070686e+01,1.211331e+01,5.721224e+00,2.280106e+01,1.327896e+01,-4.444566e+00,1.273909e+01,7.741506e+01,-2.635712e+01,-3.720716e+02,0,0,-4.559113e+00,2.409872e+00,3.435129e+00,-4.788583e+01,5.384458e+00,7.503954e-01,3.450947e+00,3.989246e+00,-1.514872e+00,1.053158e+01,7.010915e+01,-1.801297e+01,-3.704373e+02,0,0
-4.559113e+00,-2.409872e+00,-3.435129e+00,-3.074879e+01,1.214221e+01,7.144684e+00,2.332348e+01,1.327626e+01,-4.539408e+00,1.265188e+01,7.719435e+01,-2.633810e+01,-3.724078e+02,0,0,-4.559113e+00,2.409872e+00,3.435129e+00,-4.777075e+01,5.364275e+00,7.395374e-01,3.450947e+00,3.989246e+00,-1.514872e+00,1.044554e+01,6.991468e+01,-1.803467e+01,-3.705497e+02,0,0
-4.559113e+00,-2.409872e+00,-3.435129e+00,-3.074879e+01,1.214221e+01,7.144684e+00,2.332348e+01,1.327626e+01,-4.539408e+00,1.284764e+01,7.734063e+01,-2.695016e+01,-3.725454e+02,0,0,-4.559113e+00,2.409872e+00,3.435129e+00,-4.765851e+01,5.344568e+00,7.289444e-01,3.450947e+00,3.989246e+00,-1.514872e+00,1.056955e+01,6.996773e+01,-1.860466e+01,-3.708017e+02,0,0
-4.559113e+00,-2.409872e+00,-3.435129e+00,-3.088456e+01,1.194545e+01,6.749919e+00,2.353027e+01,1.324359e+01,-4.531529e+00,1.287799e+01,7.727130e+01,-2.781150e+01,-3.734656e+02,0,0,-4.559113e+00,2.409872e+00,3.435129e+00,-4.765430e+01,5.192862e+00,7.285519e-01,3.450947e+00,3.989246e+00,-1.514872e+00,1.111805e+01,6.972690e+01,-1.939700e+01,-3.722437e+02,0,0
-4.559113e+00,-2.409872e+00,-3.435129e+00,-3.101217e+01,1.192241e+01,6.889013e+00,2.353027e+01,1.324359e+01,-4.531529e+00,1.309536e+01,7.757876e+01,-2.897874e+01,-3.744009e+02,0,0,-4.559113e+00,2.409872e+00,3.435129e+00,-4.765723e+01,5.238273e+00,7.288262e-01,3.460437e+00,3.875940e+00,-1.567277e+00,1.099168e+01,6.960964e+01,-2.141527e+01,-3.733333e+02,0,0
-4.559113e+00,-2.409872e+00,-3.435129e+00,-3.089073e+01,1.202251e+01,6.379388e+00,2.352385e+01,1.324363e+01,-3.782605e+00,1.321070e+01,7.783667e+01,-2.990773e+01,-3.763192e+02,0,0,-4.559113e+00,2.409872e+00,3.435129e+00,-4.774214e+01,5.129150e+00,7.368463e-01,3.359111e+00,3.718470e+00,-1.056670e+00,1.138843e+01,6.953650e+01,-2.272071e+01,-3.759265e+02,0,0
-4.559113e+00,-2.409872e+00,-3.435129e+00,-3.104662e+01,1.206043e+01,6.111829e+00,2.343349e+01,1.320567e+01,-3.729971e+00,1.349080e+01,7.803166e+01,-3.151802e+01,-3.786922e+02,0,0,-4.559113e+00,2.409872e+00,3.435129e+00,-4.765987e+01,5.264092e+00,7.290744e-01,3.347603e+00,3.704271e+00,-1.009474e+00,1.135331e+01,6.956493e+01,-2.389157e+01,-3.769050e+02,0,0
-4.559113e+00,-2.409872e+00,-3.435129e+00,-3.102529e+01,1.224769e+01,6.624517e+00,2.392670e+01,1.373871e+01,-3.822265e+00,1.350977e+01,7.854549e+01,-3.320917e+01,-3.801480e+02,0,0,-4.559113e+00,2.409872e+00,3.435129e+00,-4.772785e+01,5.102719e+00,7.354998e-01,3.497393e+00,3.714797e+00,-6.989514e-01,1.123130e+01,7.038095e+01,-2.553625e+01,-3.788424e+02,0,0
-4.546635e+00,-2.651879e+00,-2.853535e+00,-3.085513e+01,1.185365e+01,6.752691e+00,2.432945e+01,1.304484e+01,-2.903861e+00,1.133794e+01,7.900898e+01,-3.505892e+01,-3.812428e+02,0,0,-4.546635e+00,2.651879e+00,2.853535e+00,-4.820868e+01,5.564442e+00,2.284294e+00,3.170901e+00,4.150040e+00,-3.023859e-01,1.077183e+01,7.217688e+01,-2.703049e+01,-3.800374e+02,0,0
-4.548146e+00,-2.628979e+00,-2.911183e+00,-3.053355e+01,1.195537e+01,6.715696e+00,2.426640e+01,1.307920e+01,-3.043900e+00,1.133318e+01,7.954878e+01,-3.661544e+01,-3.830697e+02,0,0,-4.548146e+00,2.628979e+00,2.911183e+00,-4.819388e+01,5.544975e+00,2.646628e+00,3.148900e+00,4.628703e+00,-2.938372e-01,1.063479e+01,7.251231e+01,-2.919164e+01,-3.826657e+02,0,0
-5.070895e+00,-2.613465e+00,-2.908975e+00,-3.077706e+01,1.138697e+01,8.679293e+00,2.412879e+01,1.380877e+01,-2.538247e+00,1.137220e+01,8.035675e+01,-3.887549e+01,-3.860038e+02,0,0,-5.070895e+00,2.613465e+00,2.908975e+00,-4.837653e+01,5.135770e+00,3.756364e+00,2.992074e+00,4.561165e+00,6.665899e-01,1.071873e+01,7.318100e+01,-3.141811e+01,-3.851076e+02,0,0
-5.070895e+00,-2.613465e+00,-2.908975e+00,-3.102685e+01,1.095255e+01,8.837588e+00,2.424261e+01,1.380841e+01,-2.233735e+00,1.141445e+01,8.064822e+01,-4.088061e+01,-3.878325e+02,0,0,-5.070895e+00,2.613465e+00,2.908975e+00,-4.877876e+01,4.900468e+00,3.775382e+00,3.106673e+00,4.958485e+00,1.001594e+00,1.085413e+01,7.367379e+01,-3.263243e+01,-3.861900e+02,0,0
-5.069431e+00,-2.636959e+00,-2.851372e+00,-3.080527e+01,1.080379e+01,8.845533e+00,2.414820e+01,1.363780e+01,-1.735771e+00,1.109012e+01,8.113751e+01,-4.237910e+01,-3.901482e+02,0,0,-5.069431e+00,2.636959e+00,2.851372e+00,-4.889823e+01,4.764916e+00,3.891560e+00,3.083783e+00,5.015795e+00,9.958282e-01,1.028864e+01,7.423731e+01,-3.366501e+01,-3.876019e+02,0,0
-5.070895e+00,-2.613465e+00,-2.908975e+00,-3.093573e+01,1.096417e+01,9.866200e+00,2.472954e+01,1.422490e+01,-1.550686e+00,1.088553e+01,8.209041e+01,-4.497930e+01,-3.934919e+02,0,0,-5.070895e+00,2.613465e+00,2.908975e+00,-4.849876e+01,4.875672e+00,2.908682e+00,2.992846e+00,4.949699e+00,1.480630e+00,1.105481e+01,7.440581e+01,-3.542073e+01,-3.897643e+02,0,0
-5.069431e+00,-2.636959e+00,-2.851372e+00,-3.120057e+01,1.106545e+01,9.401421e+00,2.492131e+01,1.412383e+01,-1.733559e+00,1.082164e+01,8.253202e+01,-4.771491e+01,-3.962680e+02,0,0,-5.069431e+00,2.636959e+00,2.851372e+00,-4.883202e+01,4.823389e+00,3.531855e+00,2.931943e+00,5.557428e+00,1.430027e+00,1.051178e+01,7.522916e+01,-3.725967e+01,-3.920276e+02,0,0
-5.070895e+00,-2.613465e+00,-2.908975e+00,-3.131260e+01,1.084201e+01,1.060038e+01,2.486285e+01,1.471505e+01,-1.002151e+00,1.054747e+01,8.355756e+01,-5.067607e+01,-3.998373e+02,0,0,-5.070895e+00,2.613465e+00,2.908975e+00,-4.911153e+01,4.825047e+00,2.865902e+00,2.314551e+00,5.300728e+00,1.972414e+00,1.092221e+01,7.567962e+01,-3.945956e+01,-3.954592e+02,0,0
-5.070895e+00,-2.613465e+00,-2.908975e+00,-3.165449e+01,1.074826e+01,1.064915e+01,2.487031e+01,1.459795e+01,-9.763671e-01,1.017784e+01,8.429556e+01,-5.249813e+01,-4.022013e+02,0,0,-5.070895e+00,2.613465e+00,2.908975e+00,-4.929113e+01,4.340802e+00,3.870560e+00,2.426497e+00,5.733791e+00,2.256335e+00,1.065410e+01,7.625211e+01,-4.146087e+01,-3.981202e+02,0,0
-5.070895e+00,-2.613465e+00,-2.908975e+00,-3.194529e+01,1.072703e+01,1.171853e+01,2.482969e+01,1.513451e+01,-2.258162e-01,9.466325e+00,8.500518e+01,-5.541658e+01,-4.061601e+02,0,0,-5.070895e+00,2.613465e+00,2.908975e+00,-4.957348e+01,4.508912e+00,3.993138e+00,2.335870e+00,5.592958e+00,2.706558e+00,1.018650e+01,7.668388e+01,-4.456090e+01,-4.025949e+02,0,0
-5.070895e+00,-2.613465e+00,-2.908975e+00,-3.233015e+01,1.055840e+01,1.202179e+01,2.464409e+01,1.540830e+01,9.533741e-02,8.727911e+00,8.539004e+01,-5.777184e+01,-4.087971e+02,0,0,-5.070895e+00,2.613465e+00,2.908975e+00,-4.985026e+01,4.270198e+00,4.644486e+00,1.640831e+00,5.964228e+00,3.219770e+00,9.806038e+00,7.703857e+01,-4.686305e+01,-4.054022e+02,0,0
-4.548146e+00,-2.628979e+00,-2.911183e+00,-3.261020e+01,1.021271e+01,1.236813e+01,2.475958e+01,1.521388e+01,3.372610e-01,8.002865e+00,8.567832e+01,-5.878009e+01,-4.107100e+02,0,0,-4.548146e+00,2.628979e+00,2.911183e+00,-5.027858e+01,4.025601e+00,4.704088e+00,9.991137e-01,6.219669e+00,3.227476e+00,9.017486e+00,7.755450e+01,-4.770512e+01,-4.067398e+02,0,0
-4.529341e+00,-2.605195e+00,-2.899904e+00,-3.258730e+01,9.799789e+00,1.146763e+01,2.504434e+01,1.571418e+01,5.620257e-01,7.819130e+00,8.570735e+01,-6.059515e+01,-4.138196e+02,0,0,-4.529341e+00,2.605195e+00,2.899904e+00,-5.082152e+01,3.418151e+00,5.488944e+00,1.083434e+00,5.971113e+00,3.994582e+00,8.495840e+00,7.753440e+01,-4.952174e+01,-4.088120e+02,0,0
-4.494726e+00,-2.081423e+00,-2.677263e+00,-3.355034e+01,9.114361e+00,1.186570e+01,2.435113e+01,1.593235e+01,1.116341e+00,6.780685e+00,8.662689e+01,-6.265562e+01,-4.163304e+02,0,0,-4.494726e+00,2.081423e+00,2.677263e+00,-5.067262e+01,2.813657e+00,5.418018e+00,1.068442e+00,6.154547e+00,4.029177e+00,8.601308e+00,7.844790e+01,-5.166982e+01,-4.117983e+02,0,0
-3.973159e+00,-2.097027e+00,-2.679053e+00,-3.365830e+01,9.057644e+00,1.171275e+01,2.447301e+01,1.573603e+01,1.358610e+00,6.096392e+00,8.655495e+01,-6.393829e+01,-4.167197e+02,0,0,-3.973159e+00,2.097027e+00,2.679053e+00,-5.087016e+01,2.897100e+00,5.605266e+00,4.608117e-01,6.510514e+00,4.032641e+00,7.883344e+00,7.882246e+01,-5.275201e+01,-4.126368e+02,0,0
-3.973159e+00,-2.097027e+00,-2.679053e+00,-3.371993e+01,8.669311e+00,1.353930e+01,2.498311e+01,1.600939e+01,1.241527e+00,5.981825e+00,8.673934e+01,-6.486932e+01,-4.187768e+02,0,0,-3.973159e+00,2.097027e+00,2.679053e+00,-5.120943e+01,2.765774e+00,5.914502e+00,3.304010e-01,6.305313e+00,4.520858e+00,7.314053e+00,7.904690e+01,-5.398422e+01,-4.145637e+02,0,0
-3.794224e+00,-1.897058e+00,-3.231779e+00,-3.401035e+01,9.183689e+00,1.417897e+01,2.488078e+01,1.644563e+01,1.579482e+00,5.244636e+00,8.725918e+01,-6.653349e+01,-4.200258e+02,0,0,-3.794224e+00,1.897058e+00,3.231779e+00,-5.101298e+01,2.664951e+00,5.916746e+00,5.254042e-01,6.294093e+00,4.333440e+00,6.957129e+00,7.864478e+01,-5.520814e+01,-4.163712e+02,0,0
-3.794224e+00,-1.897058e+00,-3.231779e+00,-3.462926e+01,9.121259e+00,1.372895e+01,2.434362e+01,1.676592e+01,1.707138e+00,4.709899e+00,8.712907e+01,-6.780456e+01,-4.218539e+02,0,0,-3.794224e+00,1.897058e+00,3.231779e+00,-5.105737e+01,2.317935e+00,5.911811e+00,-1.295850e-01,6.255287e+00,4.868906e+00,6.750569e+00,7.928862e+01,-5.636552e+01,-4.182075e+02,0,0
-3.794224e+00,-1.897058e+00,-3.231779e+00,-3.550181e+01,8.926890e+00,1.409288e+01,2.436566e+01,1.732657e+01,2.269055e+00,4.299361e+00,8.724574e+01,-6.952020e+01,-4.239922e+02,0,0,-3.794224e+00,1.897058e+00,3.231779e+00,-5.143975e+01,2.221772e+00,6.650404e+00,-4.623497e-03,6.646547e+00,5.171075e+00,6.637842e+00,7.997929e+01,-5.761109e+01,-4.195699e+02,0,0
-3.806324e+00,-2.621207e+00,-2.917905e+00,-3.523128e+01,8.545415e+00,1.405354e+01,2.439069e+01,1.735684e+01,2.966562e+00,4.605142e+00,8.710155e+01,-7.159813e+01,-4.257187e+02,0,0,-3.806324e+00,2.621207e+00,2.917905e+00,-5.219436e+01,1.924486e+00,7.149449e+00,-8.287344e-01,6.861607e+00,5.621043e+00,5.219621e+00,8.029945e+01,-5.893681e+01,-4.203572e+02,0,0
-3.292226e+00,-2.417294e+00,-3.444974e+00,-3.590340e+01,9.003783e+00,1.584921e+01,2.402284e+01,1.806455e+01,2.761030e+00,4.056629e+00,8.730813e+01,-7.216960e+01,-4.278216e+02,0,0,-3.292226e+00,2.417294e+00,3.444974e+00,-5.190831e+01,1.617339e+00,6.441370e+00,-1.182841e+00,6.161382e+00,5.646255e+00,5.076170e+00,8.030717e+01,-5.964551e+01,-4.222378e+02,0,0
-3.281194e+00,-2.637085e+00,-2.919536e+00,-3.603962e+01,8.430761e+00,1.546808e+01,2.418138e+01,1.733969e+01,3.711090e+00,4.281652e+00,8.674032e+01,-7.310686e+01,-4.285304e+02,0,0,-3.281194e+00,2.637085e+00,2.919536e+00,-5.224390e+01,1.177402e+00,8.282573e+00,-1.960230e+00,6.930069e+00,5.696517e+00,4.623552e+00,8.067156e+01,-6.084280e+01,-4.228089e+02,0,0
-3.267197e+00,-2.612343e+00,-2.908173e+00,-3.686644e+01,7.846035e+00,1.519596e+01,2.364873e+01,1.791381e+01,4.410378e+00,3.856959e+00,8.702229e+01,-7.493570e+01,-4.303463e+02,0,0,-3.267197e+00,2.612343e+00,2.908173e+00,-5.277130e+01,8.541534e-01,7.550839e+00,-2.541963e+00,6.601324e+00,7.018422e+00,3.979740e+00,8.100620e+01,-6.229814e+01,-4.255242e+02,0,0
-2.731679e+00,-2.603309e+00,-2.898254e+00,-3.721734e+01,7.675908e+00,1.925147e+01,2.296567e+01,1.858483e+01,4.952851e+00,2.882184e+00,8.666179e+01,-7.605675e+01,1.008050e+02,0,0,-2.731679e+00,2.603309e+00,2.898254e+00,-5.328589e+01,2.707399e-01,8.945284e+00,-2.962926e+00,6.877408e+00,7.332545e+00,3.537689e+00,8.149814e+01,-6.368074e+01,-4.268003e+02,0,0
-1.985098e+00,-2.990388e+00,-3.587403e+00,-3.756664e+01,8.586950e+00,1.738656e+01,2.368788e+01,1.885757e+01,4.502700e+00,2.672610e+00,8.698770e+01,-7.601031e+01,1.007747e+02,0,0,-1.985098e+00,2.990388e+00,3.587403e+00,-5.364164e+01,2.974482e-01,7.480958e+00,-3.885115e+00,6.490309e+00,7.075060e+00,2.341307e+00,8.096289e+01,-6.488482e+01,-4.270449e+02,0,0
-1.994596e+00,-2.942554e+00,-3.609806e+00,-3.831981e+01,7.718648e+00,1.711330e+01,2.277172e+01,1.909488e+01,5.185419e+00,1.760379e+00,8.742335e+01,-7.776892e+01,-7.345914e+01,0,0,-1.994596e+00,2.942554e+00,3.609806e+00,-5.365410e+01,-4.424018e-01,8.526237e+00,-4.470978e+00,6.718336e+00,8.433022e+00,2.051184e+00,8.090133e+01,-6.598598e+01,-4.307571e+02,0,0
-1.458252e+00,-3.490131e+00,-3.835583e+00,-3.798396e+01,8.117285e+00,1.820093e+01,2.291801e+01,1.963973e+01,5.051246e+00,2.095751e+00,8.712017e+01,-7.803609e+01,-7.412088e+01,0,0,-1.458252e+00,3.490131e+00,3.835583e+00,-5.440082e+01,-4.936047e-01,8.504587e+00,-4.874659e+00,6.362284e+00,8.587329e+00,7.214410e-01,8.097870e+01,-6.707234e+01,-4.315526e+02,0,0
-1.450322e+00,-3.456245e+00,-3.820597e+00,-3.815671e+01,7.465309e+00,2.090637e+01,2.287653e+01,1.950339e+01,5.843859e+00,1.532312e+00,8.735597e+01,-7.962486e+01,-7.518245e+01,0,0,-1.450322e+00,3.456245e+00,3.820597e+00,-5.500817e+01,-8.816569e-01,9.053974e+00,-6.036288e+00,6.569083e+00,9.184907e+00,-4.032265e-01,8.065258e+01,-6.898157e+01,9.976694e+01,0,0
-7.181290e-01,-2.994747e+00,-3.597625e+00,-3.877894e+01,7.552477e+00,1.878619e+01,2.202752e+01,1.953270e+01,5.357068e+00,9.210389e-01,8.647191e+01,-7.897740e+01,-7.523982e+01,0,0,-7.181290e-01,2.994747e+00,3.597625e+00,-5.465388e+01,-6.096254e-01,9.295252e+00,-5.959942e+00,6.579391e+00,9.351206e+00,-8.766435e-01,8.104164e+01,-6.977451e+01,1.009810e+02,0,0
-7.196856e-01,-2.971872e+00,-3.655122e+00,-3.879762e+01,7.635160e+00,1.869806e+01,2.201145e+01,1.958705e+01,5.337173e+00,6.677689e-01,8.672416e+01,-7.934381e+01,-7.500653e+01,0,0,-7.196856e-01,2.971872e+00,3.655122e+00,-5.464083e+01,-5.349603e-01,9.436825e+00,-6.599699e+00,6.270820e+00,9.914493e+00,-1.250142e+00,8.097799e+01,-7.008454e+01,9.802188e+01,0,0
-7.147863e-01,-2.938684e+00,-3.640908e+00,-3.881098e+01,7.835970e+00,1.855040e+01,2.184879e+01,1.946425e+01,5.846980e+00,-1.228750e-01,8.687283e+01,-7.940492e+01,-7.491857e+01,0,0,-7.147863e-01,2.938684e+00,3.640908e+00,-5.482977e+01,-4.012322e-01,9.244830e+00,-6.566140e+00,6.285007e+00,9.913333e+00,-2.291186e+00,8.090212e+01,-7.072408e+01,9.878521e+01,0,0
-7.147863e-01,-2.938684e+00,-3.640908e+00,-3.892592e+01,7.670338e+00,1.794576e+01,2.184879e+01,1.946425e+01,5.846980e+00,-3.566640e-01,8.697468e+01,-7.946433e+01,-7.512710e+01,0,0,-7.147863e-01,2.938684e+00,3.640908e+00,-5.519359e+01,-5.405055e-01,9.040286e+00,-6.566140e+00,6.285007e+00,9.913333e+00,-3.815424e+00,8.040061e+01,-7.003092e+01,9.892015e+01,0,0
-7.351373e-01,-2.395702e+00,-3.449623e+00,-3.946735e+01,7.286208e+00,1.943601e+01,2.138549e+01,1.929363e+01,6.267140e+00,-1.264792e+00,8.684037e+01,-7.994728e+01,-7.537461e+01,0,0,-7.351373e-01,2.395702e+00,3.449623e+00,-5.592291e+01,-5.009972e-01,9.591415e+00,-6.521398e+00,6.159960e+00,1.081917e+01,-4.438213e+00,7.950477e+01,-7.083402e+01,-7.609675e+01,0,0
-2.273935e-01,-1.888550e+00,-3.225541e+00,-3.987909e+01,7.110921e+00,1.905680e+01,2.086131e+01,1.946954e+01,6.332610e+00,-1.503392e+00,8.638159e+01,-8.038364e+01,-7.752396e+01,0,0,-2.273935e-01,1.888550e+00,3.225541e+00,-5.563963e+01,-6.860531e-01,9.382233e+00,-7.155254e+00,6.185100e+00,1.097534e+01,-4.716617e+00,7.896732e+01,-7.123647e+01,-7.650540e+01,0,0
2.764596e-01,-1.354203e+00,-2.986825e+00,-4.046142e+01,6.831009e+00,1.794484e+01,2.051309e+01,1.933664e+01,6.137881e+00,-2.139180e+00,8.618253e+01,-8.037371e+01,9.753449e+01,0,0,2.764596e-01,1.354203e+00,2.986825e+00,-5.487472e+01,-4.404646e-01,1.048891e+01,-7.074516e+00,5.688506e+00,1.136366e+01,-4.529219e+00,7.878437e+01,-7.155691e+01,-7.649760e+01,0,0
2.764596e-01,-1.354203e+00,-2.986825e+00,-4.031289e+01,7.114979e+00,1.739074e+01,2.038738e+01,1.935097e+01,6.594019e+00,-2.447182e+00,8.640056e+01,-8.063996e+01,-7.552453e+01,0,0,2.764596e-01,1.354203e+00,2.986825e+00,-5.481854e+01,-5.061797e-01,1.106131e+01,-7.191056e+00,5.538313e+00,1.176976e+01,-4.785527e+00,7.859024e+01,-7.185083e+01,-7.733421e+01,0,0
3.071843e-01,-8.022715e-01,-2.753486e+00,-4.085544e+01,7.206023e+00,1.816569e+01,1.993611e+01,1.951905e+01,7.026795e+00,-2.875675e+00,8.592913e+01,-8.114712e+01,-7.577435e+01,0,0,3.071843e-01,8.022715e-01,2.753486e+00,-5.445746e+01,-2.283512e-01,1.124605e+01,-7.124546e+00,5.575356e+00,1.193755e+01,-4.749278e+00,7.807848e+01,-7.247682e+01,-7.769459e+01,0,0
3.071843e-01,-8.022715e-01,-2.753486e+00,-4.117502e+01,6.908369e+00,1.992415e+01,1.993611e+01,1.951905e+01,7.026795e+00,-2.831881e+00,8.613213e+01,-8.144720e+01,-7.581108e+01,0,0,3.071843e-01,8.022715e-01,2.753486e+00,-5.467886e+01,-5.656873e-01,1.086563e+01,-7.142866e+00,5.448232e+00,1.184467e+01,-4.702377e+00,7.789660e+01,-7.271482e+01,-7.756590e+01,0,0
8.292859e-01,-8.243423e-01,-2.753235e+00,-4.107133e+01,7.416225e+00,1.728570e+01,2.010714e+01,1.934689e+01,6.503611e+00,-2.755280e+00,8.617301e+01,-8.093552e+01,-7.503772e+01,0,0,8.292859e-01,8.243423e-01,2.753235e+00,-5.443642e+01,-1.405788e-01,1.039846e+01,-7.090034e+00,5.505859e+00,1.132292e+01,-4.929244e+00,7.792044e+01,-7.217267e+01,-7.709794e+01,0,0
8.292859e-01,-8.243423e-01,-2.753235e+00,-4.104915e+01,7.546493e+00,1.729138e+01,2.015102e+01,1.938039e+01,6.328042e+00,-2.705717e+00,8.613785e+01,-8.097963e+01,9.777949e+01,0,0,8.292859e-01,8.243423e-01,2.753235e+00,-5.450151e+01,-2.878257e-01,1.062217e+01,-6.939831e+00,5.505157e+00,1.162200e+01,-4.917426e+00,7.781771e+01,-7.198551e+01,-7.667701e+01,0,0
3.068228e-01,-8.033828e-01,-2.750730e+00,-4.122936e+01,7.168363e+00,1.854276e+01,1.998039e+01,1.955044e+01,6.852504e+00,-2.772557e+00,8.603748e+01,-8.117065e+01,-7.593502e+01,0,0,3.068228e-01,8.033828e-01,2.750730e+00,-5.419274e+01,-5.458645e-01,1.109007e+01,-6.993866e+00,5.451595e+00,1.214455e+01,-4.916976e+00,7.762632e+01,-7.190002e+01,-7.694902e+01,0,0
3.068228e-01,-8.033828e-01,-2.750730e+00,-4.102612e+01,7.154761e+00,1.758801e+01,1.998039e+01,1.955044e+01,6.852504e+00,-2.666159e+00,8.602423e+01,-8.117843e+01,-7.668017e+01,0,0,3.068228e-01,8.033828e-01,2.750730e+00,-5.450332e+01,-5.233180e-01,1.119601e+01,-6.443359e+00,5.437450e+00,1.206915e+01,-4.972660e+00,7.764808e+01,-7.188684e+01,-5.970240e+01,0,0
3.068228e-01,-8.033828e-01,-2.750730e+00,-4.112912e+01,7.302820e+00,1.755670e+01,1.998039e+01,1.955044e+01,6.852504e+00,-2.668543e+00,8.609926e+01,-8.107894e+01,-7.607614e+01,0,0,3.068228e-01,8.033828e-01,2.750730e+00,-5.436710e+01,-3.812523e-01,1.074351e+01,-6.443359e+00,5.437450e+00,1.206915e+01,-4.489217e+00,7.773334e+01,-7.202827e+01,-7.656827e+01,0,0
3.068228e-01,-8.033828e-01,-2.750730e+00,-4.107070e+01,7.573601e+00,1.849835e+01,1.943236e+01,1.961285e+01,7.015582e+00,-1.691924e+00,8.616024e+01,-8.028379e+01,-7.346959e+01,0,0,3.068228e-01,8.033828e-01,2.750730e+00,-5.371891e+01,-5.071103e-01,1.111278e+01,-6.088994e+00,5.644020e+00,1.181959e+01,-4.094235e+00,7.815900e+01,-7.086844e+01,-7.546573e+01,0,0
3.071495e-01,-8.277141e-01,-2.764187e+00,-4.020658e+01,7.624205e+00,1.847362e+01,2.008392e+01,1.996039e+01,6.486768e+00,-1.247000e+00,8.644592e+01,-7.947809e+01,-7.385231e+01,0,0,3.071495e-01,8.277141e-01,2.764187e+00,-5.329666e+01,-3.496579e-01,1.032341e+01,-5.431895e+00,5.706925e+00,1.118919e+01,-3.550541e+00,7.882665e+01,-6.999816e+01,6.462383e+02,0,0
2.764596e-01,-1.354203e+00,-2.986825e+00,-3.936434e+01,8.182393e+00,1.838477e+01,2.072601e+01,2.024221e+01,5.781778e+00,-2.902443e-01,8.654526e+01,-7.813088e+01,-7.242754e+01,0,0,2.764596e-01,1.354203e+00,2.986825e+00,-5.350752e+01,-4.392018e-02,8.942278e+00,-5.280359e+00,5.708534e+00,1.061777e+01,-3.641140e+00,7.878776e+01,-6.816116e+01,-4.319821e+02,0,0
-1.900161e-01,-1.334529e+00,-2.986849e+00,-3.937296e+01,8.237048e+00,1.781524e+01,2.123623e+01,1.991169e+01,5.667604e+00,4.190267e-01,8.678952e+01,-7.780232e+01,1.014596e+02,0,0,-1.900161e-01,1.334529e+00,2.986849e+00,-5.365000e+01,4.185640e-02,8.188619e+00,-4.852121e+00,5.466086e+00,1.025029e+01,-3.185227e+00,7.936982e+01,-6.680309e+01,-2.572440e+02,0,0
-1.921985e-01,-1.362032e+00,-2.998514e+00,-3.875680e+01,8.627414e+00,2.214328e+01,2.114577e+01,1.993634e+01,5.374505e+00,1.253455e+00,8.677161e+01,-7.525872e+01,-6.884010e+01,0,0,-1.921985e-01,1.362032e+00,2.998514e+00,-5.330026e+01,2.730135e-01,9.114001e+00,-4.329334e+00,5.591057e+00,1.024946e+01,-3.153306e+00,7.930404e+01,-6.487664e+01,-4.278863e+02,0,0
-2.272367e-01,-1.889852e+00,-3.222286e+00,-3.783682e+01,9.081116e+00,1.863681e+01,2.178515e+01,2.021763e+01,4.966577e+00,2.676452e+00,8.694851e+01,-7.382937e+01,-4.265031e+02,0,0,-2.272367e-01,1.889852e+00,3.222286e+00,-5.379973e+01,4.194527e-01,8.329281e+00,-4.192602e+00,5.463172e+00,9.643415e+00,-2.849462e+00,7.893463e+01,-6.292935e+01,-4.250479e+02,0,0
-2.272367e-01,-1.889852e+00,-3.222286e+00,-3.730614e+01,9.309952e+00,1.838594e+01,2.231958e+01,1.963290e+01,4.807096e+00,3.186004e+00,8.662186e+01,-7.184285e+01,-4.233868e+02,0,0,-2.272367e-01,1.889852e+00,3.222286e+00,-5.375516e+01,6.523048e-01,7.930300e+00,-3.527823e+00,5.575116e+00,9.171436e+00,-2.110365e+00,7.945152e+01,-6.154225e+01,-4.246027e+02,0,0
-2.273935e-01,-1.888550e+00,-3.225541e+00,-3.689212e+01,9.847924e+00,1.371587e+01,2.314370e+01,1.966661e+01,4.318432e+00,3.867432e+00,8.680009e+01,-7.012828e+01,-4.222420e+02,0,0,-2.273935e-01,1.888550e+00,3.225541e+00,-5.328286e+01,1.157491e+00,7.865668e+00,-2.449786e+00,5.749007e+00,9.006774e+00,-1.657731e+00,7.971346e+01,-5.989300e+01,-4.211994e+02,0,0
-2.273935e-01,-1.888550e+00,-3.225541e+00,-3.662326e+01,1.018085e+01,1.801493e+01,2.310276e+01,1.986972e+01,4.188453e+00,4.522183e+00,8.763671e+01,-6.851345e+01,-4.199649e+02,0,0,-2.273935e-01,1.888550e+00,3.225541e+00,-5.253892e+01,1.500984e+00,7.800128e+00,-2.334053e+00,5.880320e+00,8.582677e+00,-7.616958e-01,8.055849e+01,-5.756067e+01,-4.194605e+02,0,0
-7.539436e-01,-1.866310e+00,-3.225301e+00,-3.651252e+01,1.038724e+01,1.833651e+01,2.371165e+01,1.996954e+01,4.387254e+00,4.909201e+00,8.760573e+01,-6.774859e+01,-4.185533e+02,0,0,-7.539436e-01,1.866310e+00,3.225301e+00,-5.267008e+01,1.780510e+00,8.083417e+00,-1.313681e+00,5.958622e+00,8.962259e+00,-1.761293e-01,8.128086e+01,-5.561065e+01,-4.168194e+02,0,0
-6.960579e-01,-1.868784e+00,-3.225340e+00,-3.640262e+01,1.052484e+01,1.331733e+01,2.394017e+01,1.956707e+01,4.267073e+00,5.092091e+00,8.786588e+01,-6.642693e+01,-4.174428e+02,0,0,-6.960579e-01,1.868784e+00,3.225340e+00,-5.210478e+01,1.722251e+00,7.942672e+00,-6.456862e-01,6.174727e+00,8.411144e+00,3.769070e-01,8.168662e+01,-5.371767e+01,-4.145383e+02,0,0
-6.960579e-01,-1.868784e+00,-3.225340e+00,-3.663131e+01,1.078731e+01,1.834848e+01,2.394017e+01,1.956707e+01,4.267073e+00,5.144771e+00,8.797589e+01,-6.565224e+01,-4.163685e+02,0,0,-6.960579e-01,1.868784e+00,3.225340e+00,-5.198850e+01,1.888227e+00,7.524775e+00,-6.394212e-01,5.640398e+00,8.409315e+00,8.944144e-01,8.164511e+01,-5.209309e+01,-4.129780e+02,0,0
-7.292465e-01,-2.409408e+00,-3.418246e+00,-3.592930e+01,1.081127e+01,1.346403e+01,2.434571e+01,1.984043e+01,3.802827e+00,5.607341e+00,8.840311e+01,-6.457408e+01,-4.150291e+02,0,0,-7.292465e-01,2.409408e+00,3.418246e+00,-5.250065e+01,1.832681e+00,7.774098e+00,-5.351654e-01,6.075738e+00,7.807519e+00,6.975597e-01,8.200508e+01,-4.982325e+01,-4.099290e+02,0,0
-7.286003e-01,-2.410829e+00,-3.414831e+00,-3.604171e+01,1.105027e+01,1.333115e+01,2.434683e+01,1.983704e+01,3.803606e+00,5.670349e+00,8.814359e+01,-6.308297e+01,-4.140716e+02,0,0,-7.286003e-01,2.410829e+00,3.414831e+00,-5.197590e+01,1.875316e+00,7.510992e+00,-6.764364e-01,6.297973e+00,7.566838e+00,1.045331e+00,8.187220e+01,-4.847666e+01,-4.084309e+02,0,0
-7.286003e-01,-2.410829e+00,-3.414831e+00,-3.602432e+01,1.133444e+01,1.819633e+01,2.434854e+01,1.995786e+01,3.768899e+00,5.332708e+00,8.832094e+01,-6.102036e+01,-4.105676e+02,0,0,-7.286003e-01,2.410829e+00,3.414831e+00,-5.152271e+01,2.345753e+00,7.076585e+00,-1.239189e-01,5.765650e+00,7.519929e+00,9.033234e-01,8.143426e+01,-4.622727e+01,-4.056234e+02,0,0
-7.286003e-01,-2.410829e+00,-3.414831e+00,-3.595109e+01,1.162466e+01,1.779176e+01,2.447278e+01,1.994299e+01,3.316012e+00,5.525467e+00,8.761078e+01,-5.874751e+01,-4.076242e+02,0,0,-7.286003e-01,2.410829e+00,3.414831e+00,-5.162834e+01,2.523446e+00,6.856561e+00,-1.485873e-02,5.742238e+00,7.019030e+00,1.034472e+00,8.204104e+01,-4.399813e+01,-4.022382e+02,0,0
-9.534430e-01,-2.405995e+00,-3.427876e+00,-3.577137e+01,1.172408e+01,1.803225e+01,2.440754e+01,2.003917e+01,3.531947e+00,5.597049e+00,8.729687e+01,-5.766288e+01,-4.058579e+02,0,0,-9.534430e-01,2.405995e+00,3.427876e+00,-5.163055e+01,2.403443e+00,7.160457e+00,-5.043765e-02,6.000727e+00,7.228776e+00,5.693777e-01,8.180793e+01,-4.126922e+01,-3.992878e+02,0,0
-9.534430e-01,-2.405995e+00,-3.427876e+00,-3.529553e+01,1.156592e+01,1.729255e+01,2.433174e+01,1.955733e+01,3.366702e+00,5.236840e+00,8.696026e+01,-5.502194e+01,-4.032395e+02,0,0,-9.534430e-01,2.405995e+00,3.427876e+00,-5.125730e+01,2.412013e+00,6.612592e+00,-8.708582e-02,6.000374e+00,6.442680e+00,4.417578e-01,8.093795e+01,-3.952320e+01,-3.966006e+02,0,0
-9.534430e-01,-2.405995e+00,-3.427876e+00,-3.508831e+01,1.131182e+01,1.703778e+01,2.445625e+01,1.954319e+01,2.912625e+00,5.198656e+00,8.633814e+01,-5.303804e+01,-4.014566e+02,0,0,-9.534430e-01,2.405995e+00,3.427876e+00,-5.084020e+01,2.408583e+00,5.125743e+00,-7.188606e-02,5.488694e+00,6.459094e+00,-4.173157e-02,8.026690e+01,-3.836767e+01,-3.947104e+02,0,0
-9.534430e-01,-2.405995e+00,-3.427876e+00,-3.477210e+01,1.167338e+01,1.695129e+01,2.493901e+01,1.904445e+01,2.924850e+00,5.261469e+00,8.607623e+01,-5.121602e+01,-3.992661e+02,0,0,-9.534430e-01,2.405995e+00,3.427876e+00,-5.084499e+01,2.415128e+00,6.401672e+00,-7.631940e-02,5.751975e+00,6.445247e+00,7.170996e-02,8.038727e+01,-3.707247e+01,-3.928605e+02,0,0
-9.534430e-01,-2.405995e+00,-3.427876e+00,-3.461968e+01,1.190349e+01,1.673539e+01,2.494025e+01,1.915933e+01,2.945506e+00,5.077305e+00,8.649130e+01,-4.962127e+01,-3.969195e+02,0,0,-9.534430e-01,2.405995e+00,3.427876e+00,-5.028240e+01,2.744002e+00,6.063481e+00,5.765219e-01,5.733996e+00,5.898462e+00,2.537924e-01,7.982232e+01,-3.549297e+01,-3.911569e+02,0,0
-9.425207e-01,-2.624826e+00,-2.905031e+00,-3.408864e+01,1.166697e+01,1.588094e+01,2.487774e+01,1.854110e+01,2.472931e+00,5.231076e+00,8.506855e+01,-4.755500e+01,-3.941465e+02,0,0,-9.425207e-01,2.624826e+00,2.905031e+00,-5.015401e+01,3.058431e+00,6.498462e+00,3.554956e-01,6.237970e+00,5.903897e+00,2.125407e-01,7.955260e+01,-3.318050e+01,-3.893078e+02,0,0
-1.466011e+00,-2.608621e+00,-2.904497e+00,-3.410204e+01,1.144818e+01,1.605292e+01,2.472587e+01,1.821446e+01,2.983175e+00,5.383928e+00,8.489573e+01,-4.662563e+01,-3.934057e+02,0,0,-1.466011e+00,2.608621e+00,2.904497e+00,-4.986832e+01,2.742674e+00,6.311353e+00,2.584560e-01,5.992510e+00,5.629827e+00,7.033919e-02,7.958689e+01,-3.237498e+01,-3.880354e+02,0,0
-1.466011e+00,-2.608621e+00,-2.904497e+00,-3.347653e+01,1.150661e+01,1.505238e+01,2.477289e+01,1.824309e+01,3.107468e+00,5.310427e+00,8.404687e+01,-4.478772e+01,-3.917225e+02,0,0,-1.466011e+00,2.608621e+00,2.904497e+00,-4.991124e+01,2.905762e+00,6.146125e+00,8.013907e-01,6.001852e+00,5.582251e+00,1.066367e-01,7.943066e+01,-3.196355e+01,-3.859033e+02,0,0
-1.466011e+00,-2.608621e+00,-2.904497e+00,-3.327219e+01,1.150359e+01,1.588796e+01,2.478047e+01,1.783673e+01,2.342799e+00,5.507211e+00,8.394842e+01,-4.275812e+01,-3.886223e+02,0,0,-1.466011e+00,2.608621e+00,2.904497e+00,-4.985384e+01,3.126594e+00,4.538710e+00,9.233988e-01,5.452219e+00,5.133920e+00,7.284035e-03,7.842925e+01,-3.035219e+01,-3.842800e+02,0,0
-1.473037e+00,-2.634452e+00,-2.915847e+00,-3.305106e+01,1.159400e+01,1.447514e+01,2.480645e+01,1.784913e+01,2.343375e+00,5.670265e+00,8.357112e+01,-4.063842e+01,-3.864312e+02,0,0,-1.473037e+00,2.634452e+00,2.915847e+00,-4.965559e+01,2.996650e+00,5.492460e+00,8.966853e-01,5.441282e+00,5.139820e+00,-1.195982e+00,7.777952e+01,-2.875995e+01,-3.822149e+02,0,0
-1.484042e+00,-2.414842e+00,-3.440626e+00,-3.293690e+01,1.213581e+01,1.588764e+01,2.465196e+01,1.780571e+01,2.134038e+00,5.646662e+00,8.378055e+01,-3.890886e+01,-3.842539e+02,0,0,-1.484042e+00,2.414842e+00,3.440626e+00,-4.948759e+01,2.500136e+00,5.309457e+00,1.105234e+00,5.179473e+00,5.163558e+00,-1.278751e+00,7.802690e+01,-2.634543e+01,-3.799521e+02,0,0
-1.484042e+00,-2.414842e+00,-3.440626e+00,-3.245403e+01,1.241735e+01,1.237384e+01,2.460211e+01,1.777737e+01,2.322025e+00,5.622541e+00,8.340256e+01,-3.716289e+01,-3.818881e+02,0,0,-1.484042e+00,2.414842e+00,3.440626e+00,-4.947502e+01,2.914640e+00,4.410763e+00,1.624480e+00,4.653805e+00,4.337060e+00,-8.141880e-01,7.715812e+01,-2.447881e+01,-3.782763e+02,0,0
-1.484042e+00,-2.414842e+00,-3.440626e+00,-3.213393e+01,1.245620e+01,1.160258e+01,2.460803e+01,1.724597e+01,1.577099e+00,5.801499e+00,8.297035e+01,-3.519626e+01,-3.801200e+02,0,0,-1.484042e+00,2.414842e+00,3.440626e+00,-4.909198e+01,2.816572e+00,3.707103e+00,1.726377e+00,4.788590e+00,3.909135e+00,-5.614548e-01,7.715481e+01,-2.292430e+01,-3.760348e+02,0,0
-1.484042e+00,-2.414842e+00,-3.440626e+00,-3.196190e+01,1.265880e+01,1.425336e+01,2.460829e+01,1.748418e+01,1.574471e+00,5.622008e+00,8.312627e+01,-3.363757e+01,-3.776030e+02,0,0,-1.484042e+00,2.414842e+00,3.440626e+00,-4.870610e+01,3.153229e+00,3.077706e+00,1.701822e+00,4.366843e+00,3.101398e+00,4.480347e-02,7.687699e+01,-2.149842e+01,-3.747936e+02,0,0
-2.008844e+00,-2.393039e+00,-3.439689e+00,-3.171429e+01,1.234529e+01,1.426187e+01,2.463754e+01,1.716480e+01,1.755621e+00,5.695720e+00,8.243759e+01,-3.239933e+01,-3.761576e+02,0,0,-2.008844e+00,2.393039e+00,3.439689e+00,-4.846147e+01,2.504356e+00,3.866643e+00,1.646407e+00,4.554137e+00,3.635588e+00,3.275003e-01,7.636712e+01,-2.109786e+01,-3.739513e+02,0,0
-2.008844e+00,-2.393039e+00,-3.439689e+00,-3.155948e+01,1.246747e+01,1.368600e+01,2.452159e+01,1.717435e+01,1.460076e+00,8.693735e+00,8.146207e+01,-3.174756e+01,-3.763110e+02,0,0,-2.008844e+00,2.393039e+00,3.439689e+00,-4.852904e+01,2.855985e+00,2.986323e+00,1.772122e+00,4.007699e+00,3.190319e+00,6.890190e-01,7.588956e+01,-2.048328e+01,-3.735405e+02,0,0
-2.018537e+00,-2.423539e+00,-3.453173e+00,-3.134913e+01,1.285890e+01,1.394335e+01,2.467456e+01,1.717942e+01,1.011197e+00,8.777423e+00,8.032674e+01,-3.064000e+01,-3.752903e+02,0,0,-2.018537e+00,2.423539e+00,3.453173e+00,-4.824868e+01,3.008305e+00,2.893458e+00,2.274401e+00,4.122316e+00,3.162641e+00,9.023383e-01,7.559406e+01,-1.996666e+01,-3.724819e+02,0,0
-2.018537e+00,-2.423539e+00,-3.453173e+00,-3.094628e+01,1.290275e+01,1.329697e+01,2.515720e+01,1.657599e+01,1.069283e+00,8.796305e+00,8.007722e+01,-2.934858e+01,-3.742866e+02,0,0,-2.018537e+00,2.423539e+00,3.453173e+00,-4.807574e+01,3.036568e+00,3.140386e+00,2.118796e+00,4.267118e+00,2.857459e+00,9.806981e-01,7.512024e+01,-1.879750e+01,-3.718494e+02,0,0
-2.018537e+00,-2.423539e+00,-3.453173e+00,-3.086578e+01,1.299598e+01,1.346035e+01,2.515629e+01,1.669871e+01,1.064502e+00,9.399756e+00,8.068298e+01,-2.889343e+01,-3.729138e+02,0,0,-2.018537e+00,2.423539e+00,3.453173e+00,-4.798770e+01,3.425686e+00,2.403047e+00,2.252771e+00,3.736195e+00,2.375789e+00,1.119485e+00,7.524188e+01,-1.825548e+01,-3.704703e+02,0,0
-2.000927e+00,-2.437413e+00,-3.421748e+00,-3.050809e+01,1.298514e+01,1.308458e+01,2.529119e+01,1.665312e+01,6.157866e-01,9.349340e+00,8.029834e+01,-2.831154e+01,-3.722413e+02,0,0,-2.000927e+00,2.437413e+00,3.421748e+00,-4.777355e+01,3.232074e+00,2.641757e+00,2.241260e+00,3.766128e+00,2.356164e+00,1.027631e+00,7.522562e+01,-1.739554e+01,-3.700040e+02,0,0
-2.220495e+00,-2.400850e+00,-3.421202e+00,-3.073896e+01,1.263540e+01,1.296509e+01,2.521113e+01,1.632162e+01,8.289376e-01,9.510954e+00,8.008854e+01,-2.797333e+01,-3.721043e+02,0,0,-2.220495e+00,2.400850e+00,3.421202e+00,-4.752766e+01,2.977559e+00,2.456574e+00,2.250108e+00,3.784601e+00,2.577252e+00,1.130693e+00,7.509256e+01,-1.763822e+01,-3.699745e+02,0,0
-2.742080e+00,-2.379472e+00,-3.419877e+00,-3.054456e+01,1.253442e+01,1.303026e+01,2.496405e+01,1.653010e+01,1.034602e+00,9.439251e+00,8.043965e+01,-2.669423e+01,-3.712088e+02,0,0,-2.742080e+00,2.379472e+00,3.419877e+00,-4.737423e+01,2.615474e+00,2.984723e+00,2.205748e+00,3.827933e+00,3.098590e+00,1.956877e+00,7.463180e+01,-1.727156e+01,-3.695882e+02,0,0
-2.742080e+00,-2.379472e+00,-3.419877e+00,-3.056692e+01,1.279626e+01,1.321076e+01,2.496405e+01,1.653010e+01,1.034602e+00,9.624481e+00,8.015632e+01,-2.560668e+01,-3.694800e+02,0,0,-2.742080e+00,2.379472e+00,3.419877e+00,-4.744645e+01,2.796925e+00,2.806622e+00,2.895717e+00,3.907562e+00,2.634834e+00,1.959221e+00,7.451176e+01,-1.647724e+01,-3.697257e+02,0,0
-2.742080e+00,-2.379472e+00,-3.419877e+00,-2.995683e+01,1.288121e+01,1.112016e+01,2.496405e+01,1.653010e+01,1.034602e+00,9.874111e+00,7.976777e+01,-2.379136e+01,-3.676117e+02,0,0,-2.742080e+00,2.379472e+00,3.419877e+00,-4.733005e+01,2.852320e+00,2.618498e+00,2.909752e+00,3.633450e+00,2.634725e+00,2.232704e+00,7.407633e+01,-1.517351e+01,-3.674681e+02,0,0
-2.742080e+00,-2.379472e+00,-3.419877e+00,-2.928644e+01,1.252328e+01,1.027532e+01,2.509358e+01,1.611021e+01,5.880717e-01,1.002605e+01,7.936271e+01,-2.258688e+01,-3.665994e+02,0,0,-2.742080e+00,2.379472e+00,3.419877e+00,-4.711962e+01,2.963872e+00,2.145450e+00,2.909752e+00,3.633450e+00,2.634725e+00,2.253699e+00,7.377267e+01,-1.406325e+01,-3.660532e+02,0,0
-2.754515e+00,-2.409152e+00,-3.433196e+00,-2.890823e+01,1.313349e+01,9.343129e+00,2.508948e+01,1.556532e+01,3.501244e-02,1.032736e+01,7.885805e+01,-2.112324e+01,-3.646251e+02,0,0,-2.754515e+00,2.409152e+00,3.433196e+00,-4.671531e+01,3.226498e+00,2.328913e+00,2.993029e+00,3.625714e+00,2.168038e+00,2.816874e+00,7.276025e+01,-1.297660e+01,-3.659853e+02,0,0
-2.754515e+00,-2.409152e+00,-3.433196e+00,-2.850074e+01,1.306566e+01,9.301191e+00,2.513726e+01,1.558798e+01,1.595329e-01,9.986977e+00,7.807993e+01,-2.036328e+01,-3.634254e+02,0,0,-2.754515e+00,2.409152e+00,3.433196e+00,-4.649033e+01,3.300876e+00,1.806973e+00,3.391097e+00,3.239619e+00,1.876601e+00,2.656260e+00,7.221128e+01,-1.189971e+01,-3.641267e+02,0,0
-2.754515e+00,-2.409152e+00,-3.433196e+00,-2.836392e+01,1.317165e+01,1.028243e+01,2.493047e+01,1.495048e+01,2.040720e-01,1.029092e+01,7.763780e+01,-1.945024e+01,-3.623232e+02,0,0,-2.754515e+00,2.409152e+00,3.433196e+00,-4.595366e+01,3.284790e+00,1.405628e+00,3.499167e+00,3.357778e+00,1.410299e+00,2.747643e+00,7.186708e+01,-1.120163e+01,-3.633672e+02,0,0
-3.277671e+00,-2.387758e+00,-3.431570e+00,-2.805844e+01,1.272336e+01,1.132682e+01,2.469633e+01,1.515456e+01,4.069356e-01,1.032564e+01,7.658378e+01,-1.773812e+01,-3.612089e+02,0,0,-3.277671e+00,2.387758e+00,3.431570e+00,-4.622905e+01,3.112377e+00,1.167516e+00,3.475804e+00,2.859060e+00,1.897193e+00,3.244664e+00,7.127245e+01,-1.011379e+01,-3.612666e+02,0,0
-3.280883e+00,-2.386215e+00,-3.435013e+00,-2.763196e+01,1.295313e+01,1.020553e+01,2.478106e+01,1.459532e+01,1.434314e-01,1.083093e+01,7.609726e+01,-1.660507e+01,-3.594822e+02,0,0,-3.280883e+00,2.386215e+00,3.435013e+00,-4.580793e+01,3.401956e+00,1.943008e+00,3.590607e+00,2.861588e+00,1.425142e+00,2.970560e+00,7.068678e+01,-8.671881e+00,-3.599248e+02,0,0
-3.280883e+00,-2.386215e+00,-3.435013e+00,-2.777986e+01,1.279901e+01,1.013222e+01,2.477764e+01,1.471209e+01,1.352013e-01,1.068746e+01,7.581761e+01,-1.474517e+01,-3.576553e+02,0,0,-3.280883e+00,2.386215e+00,3.435013e+00,-4.574666e+01,3.265889e+00,2.250659e+00,3.569595e+00,2.998387e+00,1.465230e+00,3.317049e+00,6.980281e+01,-7.565105e+00,-3.590393e+02,0,0
-3.280883e+00,-2.386215e+00,-3.435013e+00,-2.739632e+01,1.302658e+01,9.024458e+00,2.483645e+01,1.431962e+01,2.682217e-01,1.045998e+01,7.523318e+01,-1.345565e+01,-3.559848e+02,0,0,-3.280883e+00,2.386215e+00,3.435013e+00,-4.538364e+01,3.363223e+00,3.146543e-01,4.101969e+00,2.487777e+00,6.568272e-01,3.233572e+00,6.921462e+01,-6.875191e+00,-3.581952e+02,0,0
-3.295466e+00,-2.415775e+00,-3.448445e+00,-2.716731e+01,1.317807e+01,9.343306e+00,2.487162e+01,1.433635e+01,-4.695046e-01,1.057567e+01,7.473931e+01,-1.177811e+01,-3.542476e+02,0,0,-3.295466e+00,2.415775e+00,3.448445e+00,-4.512744e+01,3.200790e+00,5.392648e-01,4.080997e+00,2.604963e+00,7.301159e-01,3.537191e+00,6.856607e+01,-5.667230e+00,-3.571145e+02,0,0
-3.295466e+00,-2.415775e+00,-3.448445e+00,-2.705288e+01,1.332571e+01,9.319997e+00,2.487162e+01,1.433635e+01,-4.695046e-01,1.074096e+01,7.462832e+01,-9.266750e+00,-3.507630e+02,0,0,-3.295466e+00,2.415775e+00,3.448445e+00,-4.507138e+01,3.182335e+00,1.398952e+00,4.101246e+00,2.056777e+00,7.837677e-01,3.567082e+00,6.796089e+01,-4.668303e+00,-3.551091e+02,0,0
-3.295466e+00,-2.415775e+00,-3.448445e+00,-2.679381e+01,1.333091e+01,7.967677e+00,2.488732e+01,1.379770e+01,-4.723740e-01,1.054188e+01,7.344992e+01,-8.024324e+00,-3.500918e+02,0,0,-3.295466e+00,2.415775e+00,3.448445e+00,-4.489887e+01,3.230278e+00,1.161985e+00,4.205259e+00,2.212142e+00,2.947528e-01,3.447145e+00,6.707276e+01,-3.803420e+00,-3.540139e+02,0,0
-3.295466e+00,-2.415775e+00,-3.448445e+00,-2.637843e+01,1.337175e+01,7.773874e+00,2.500705e+01,1.379302e+01,-9.145724e-01,1.054728e+01,7.285590e+01,-6.418345e+00,-3.476232e+02,0,0,-3.295466e+00,2.415775e+00,3.448445e+00,-4.476601e+01,3.457521e+00,4.065779e-01,4.238488e+00,1.675419e+00,2.942162e-01,3.243790e+00,6.627395e+01,-1.745508e+00,-3.520355e+02,0,0
-3.295466e+00,-2.415775e+00,-3.448445e+00,-2.615597e+01,1.350734e+01,6.644067e+00,2.490935e+01,1.325715e+01,-1.219126e+00,1.048829e+01,7.225277e+01,-5.179985e+00,-3.467208e+02,0,0,-3.295466e+00,2.415775e+00,3.448445e+00,-4.425140e+01,3.722114e+00,3.795953e-01,4.089079e+00,1.667678e+00,-2.095352e-02,3.218223e+00,6.546638e+01,-5.297807e-01,-3.509285e+02,0,0
-3.302427e+00,-2.195746e+00,-3.973710e+00,-2.599524e+01,1.383586e+01,7.349469e+00,2.468898e+01,1.372343e+01,-1.244706e+00,9.813498e+00,7.220319e+01,-3.471325e+00,-3.449782e+02,0,0,-3.302427e+00,2.195746e+00,3.973710e+00,-4.403324e+01,3.212284e+00,-3.512166e-01,4.406918e+00,1.141481e+00,-3.789863e-01,3.575719e+00,6.417112e+01,6.476359e-01,-3.496649e+02,0,0
-3.302427e+00,-2.195746e+00,-3.973710e+00,-2.575094e+01,1.384215e+01,6.438751e+00,2.486633e+01,1.331355e+01,-1.582030e+00,9.895359e+00,7.147263e+01,-1.004868e+00,-3.424375e+02,0,0,-3.302427e+00,2.195746e+00,3.973710e+00,-4.381425e+01,3.135300e+00,-1.603575e+00,4.431242e+00,7.546663e-01,-4.010720e-01,3.078399e+00,6.348779e+01,2.085508e+00,-3.477523e+02,0,0
-3.827012e+00,-2.168762e+00,-3.971468e+00,-2.563534e+01,1.369662e+01,8.235368e+00,2.464213e+01,1.364154e+01,-1.361437e+00,1.003475e+01,7.062690e+01,4.636738e-01,-3.413262e+02,0,0,-3.827012e+00,2.168762e+00,3.971468e+00,-4.338633e+01,2.883087e+00,-1.332141e+00,4.519515e+00,9.377932e-01,-3.160191e-01,3.246920e+00,6.323387e+01,3.077540e+00,-3.460715e+02,0,0
-3.827012e+00,-2.168762e+00,-3.971468e+00,-2.518910e+01,1.353249e+01,6.468366e+00,2.444752e+01,1.302187e+01,-1.324793e+00,9.554649e+00,6.991899e+01,1.796407e+00,-3.392474e+02,0,0,-3.827012e+00,2.168762e+00,3.971468e+00,-4.336686e+01,3.099636e+00,-2.325581e+00,4.558213e+00,4.013564e-01,-3.157965e-01,3.269107e+00,6.215210e+01,3.777708e+00,-3.451200e+02,0,0
-3.827012e+00,-2.168762e+00,-3.971468e+00,-2.506298e+01,1.344770e+01,6.492329e+00,2.456639e+01,1.301909e+01,-1.765798e+00,9.240672e+00,6.911250e+01,3.439994e+00,-3.378396e+02,0,0,-3.827012e+00,2.168762e+00,3.971468e+00,-4.306268e+01,3.089144e+00,-3.351388e+00,4.539764e+00,4.105431e-01,-1.063726e+00,2.634138e+00,6.142545e+01,5.917447e+00,-3.435036e+02,0,0
-3.830758e+00,-2.166926e+00,-3.975465e+00,-2.475768e+01,1.343237e+01,7.178373e+00,2.458020e+01,1.248438e+01,-1.463420e+00,9.064604e+00,6.897934e+01,4.757828e+00,-3.358977e+02,0,0,-3.830758e+00,2.166926e+00,3.975465e+00,-4.306951e+01,3.145074e+00,-1.376120e+00,4.517180e+00,5.480687e-01,-1.034121e+00,1.940694e+00,6.110853e+01,7.440374e+00,-3.419825e+02,0,0
-3.830758e+00,-2.166926e+00,-3.975465e+00,-2.455182e+01,1.359306e+01,5.560787e+00,2.446776e+01,1.248659e+01,-1.768984e+00,8.531963e+00,6.835926e+01,5.595270e+00,-3.345965e+02,0,0,-3.830758e+00,2.166926e+00,3.975465e+00,-4.277892e+01,3.188642e+00,-2.086411e+00,4.669082e+00,1.806076e-02,-1.502083e+00,1.433804e+00,6.098234e+01,8.711927e+00,-3.403059e+02,0,0
-3.814094e+00,-2.218182e+00,-3.954721e+00,-2.427899e+01,1.354885e+01,5.158944e+00,2.465695e+01,1.191739e+01,-2.220495e+00,8.043793e+00,6.881202e+01,8.039152e+00,-3.317530e+02,0,0,-3.814094e+00,2.218182e+00,3.954721e+00,-4.272526e+01,3.049976e+00,-2.763129e+00,4.619110e+00,3.646905e-02,-1.523801e+00,1.118808e+00,6.073616e+01,9.442475e+00,-3.396617e+02,0,0
-3.814094e+00,-2.218182e+00,-3.954721e+00,-2.427723e+01,1.343506e+01,5.166106e+00,2.465297e+01,1.203525e+01,-2.245164e+00,6.865219e+00,7.006776e+01,1.084417e+01,-3.292010e+02,0,0,-3.814094e+00,2.218182e+00,3.954721e+00,-4.263846e+01,2.975675e+00,-2.049536e+00,4.489613e+00,-2.472094e-01,-1.826761e+00,-3.017158e-01,6.165200e+01,1.117598e+01,-3.367850e+02,0,0
-3.871487e+00,-2.215205e+00,-3.954457e+00,-2.393071e+01,1.359513e+01,5.079790e+00,2.457463e+01,1.219928e+01,-2.640055e+00,5.661212e+00,7.146489e+01,1.324004e+01,-3.271159e+02,0,0,-3.871487e+00,2.215205e+00,3.954457e+00,-4.229105e+01,3.146840e+00,-3.024003e+00,4.066543e+00,-2.680332e-01,-2.247740e+00,-1.484694e+00,6.259516e+01,1.306478e+01,-3.352098e+02,0,0
-4.093643e+00,-1.957915e+00,-4.475173e+00,-2.445305e+01,1.445920e+01,5.096136e+00,2.393312e+01,1.277184e+01,-2.981194e+00,4.766957e+00,7.322394e+01,1.496421e+01,-3.243845e+02,0,0,-4.093643e+00,1.957915e+00,4.475173e+00,-4.249227e+01,2.864588e+00,-2.280673e+00,4.314171e+00,-6.014683e-01,-1.971970e+00,-2.434304e+00,6.253479e+01,1.566421e+01,-3.329761e+02,0,0
-4.614374e+00,-1.926021e+00,-4.472098e+00,-2.441108e+01,1.424511e+01,5.804319e+00,2.382581e+01,1.308230e+01,-2.513201e+00,3.982605e+00,7.368863e+01,1.602929e+01,-3.227135e+02,0,0,-4.614374e+00,1.926021e+00,4.472098e+00,-4.280669e+01,2.534391e+00,-3.424954e+00,3.582030e+00,-6.248902e-01,-1.840762e+00,-2.870927e+00,6.254178e+01,1.589865e+01,-3.323776e+02,0,0
-4.614374e+00,-1.926021e+00,-4.472098e+00,-2.432264e+01,1.486668e+01,5.322357e+00,2.355295e+01,1.302709e+01,-2.954283e+00,2.785656e+00,7.374436e+01,1.883459e+01,-3.197483e+02,0,0,-4.614374e+00,1.926021e+00,4.472098e+00,-4.266807e+01,2.712872e+00,-2.101769e+00,3.582030e+00,-6.248902e-01,-1.840762e+00,-3.783919e+00,6.310327e+01,1.817155e+01,-3.292033e+02,0,0
-4.588580e+00,-1.440421e+00,-4.266281e+00,-2.403387e+01,1.534258e+01,5.258732e+00,2.303443e+01,1.308490e+01,-2.849138e+00,1.320874e+00,7.337420e+01,2.185024e+01,-3.156503e+02,0,0,-4.588580e+00,1.440421e+00,4.266281e+00,-4.213168e+01,3.268572e+00,-3.728666e+00,4.219299e+00,-6.742610e-01,-2.260251e+00,-4.235422e+00,6.364034e+01,1.995222e+01,-3.275041e+02,0,0
-4.646021e+00,-1.436851e+00,-4.265937e+00,-2.314742e+01,1.559286e+01,5.532688e+00,2.307630e+01,1.312303e+01,-3.712012e+00,2.830834e-01,7.339045e+01,2.429905e+01,-3.133716e+02,0,0,-4.646021e+00,1.436851e+00,4.265937e+00,-4.226460e+01,3.234343e+00,-3.722441e+00,3.634107e+00,-5.644556e-01,-3.048600e+00,-5.597435e+00,6.354672e+01,2.313222e+01,-3.241870e+02,0,0
-5.168064e+00,-1.404869e+00,-4.262611e+00,-2.300764e+01,1.611740e+01,4.363273e+00,2.311232e+01,1.289073e+01,-3.697534e+00,-1.742629e-01,7.245596e+01,2.625428e+01,-3.107311e+02,0,0,-5.168064e+00,1.404869e+00,4.262611e+00,-4.194124e+01,3.396790e+00,-3.502637e+00,3.580880e+00,-2.468521e-01,-3.331044e+00,-6.615397e+00,6.347794e+01,2.496021e+01,-3.217995e+02,0,0
-5.148010e+00,-9.151637e-01,-4.055649e+00,-2.272475e+01,1.613209e+01,3.954341e+00,2.265870e+01,1.293169e+01,-3.856532e+00,-1.424839e+00,7.206945e+01,2.867222e+01,-3.069838e+02,0,0,-5.148010e+00,9.151637e-01,4.055649e+00,-4.160102e+01,3.910876e+00,-4.296545e+00,4.135187e+00,-5.689934e-01,-3.300851e+00,-7.107231e+00,6.347351e+01,2.630174e+01,-3.198571e+02,0,0
-5.728842e+00,-8.795160e-01,-4.051739e+00,-2.249394e+01,1.566042e+01,4.575071e+00,2.262111e+01,1.273935e+01,-4.269222e+00,-1.805469e+00,7.292082e+01,3.125600e+01,-3.033053e+02,0,0,-5.728842e+00,8.795160e-01,4.051739e+00,-4.167582e+01,3.799014e+00,-4.856628e+00,3.658350e+00,-4.096920e-01,-4.033773e+00,-7.542403e+00,6.365091e+01,2.916893e+01,-3.165003e+02,0,0
-5.921816e+00,-9.055082e-01,-4.028995e+00,-2.199635e+01,1.606551e+01,4.786960e+00,2.248818e+01,1.302857e+01,-4.367025e+00,-3.084298e+00,7.280764e+01,3.240311e+01,-3.017769e+02,0,0,-5.921816e+00,9.055082e-01,4.028995e+00,-4.187534e+01,3.886515e+00,-4.589287e+00,3.549391e+00,-1.441276e-01,-3.820174e+00,-9.281227e+00,6.435574e+01,3.107946e+01,-3.141232e+02,0,0
-6.423534e+00,-3.851524e-01,-3.814342e+00,-2.238334e+01,1.679999e+01,4.870714e+00,2.193708e+01,1.368667e+01,-4.547405e+00,-4.183676e+00,7.344944e+01,3.392127e+01,-2.999536e+02,0,0,-6.423534e+00,3.851524e-01,3.814342e+00,-4.150169e+01,3.873923e+00,-4.493894e+00,3.465146e+00,2.148250e-01,-4.158050e+00,-9.951395e+00,6.434552e+01,3.253390e+01,-3.122424e+02,0,0
-6.439885e+00,1.421170e-01,-3.588357e+00,-2.320037e+01,1.739118e+01,4.952568e+00,2.088566e+01,1.430223e+01,-4.623348e+00,-6.003852e+00,7.394620e+01,3.501153e+01,-2.991815e+02,0,0,-6.439885e+00,-1.421170e-01,3.588357e+00,-4.186319e+01,4.319366e+00,-5.284215e+00,3.392899e+00,6.508423e-01,-4.901646e+00,-1.109159e+01,6.581676e+01,3.363010e+01,-3.105771e+02,0,0
-7.058585e+00,-7.438272e-02,-3.073163e+00,-2.285627e+01,1.770137e+01,5.754113e+00,2.084790e+01,1.485879e+01,-4.450691e+00,-7.297156e+00,7.457234e+01,3.486271e+01,-2.976082e+02,0,0,-7.058585e+00,7.438272e-02,3.073163e+00,-4.292298e+01,4.750115e+00,-3.621992e+00,2.412700e+00,1.243982e+00,-4.705349e+00,-1.227903e+01,6.691857e+01,3.431671e+01,-3.093212e+02,0,0
-7.545138e+00,4.784423e-01,-2.844495e+00,-2.372000e+01,1.920705e+01,4.221239e+00,1.944472e+01,1.481778e+01,-4.790209e+00,-8.894128e+00,7.377763e+01,3.618742e+01,-2.959109e+02,0,0,-7.545138e+00,-4.784423e-01,2.844495e+00,-4.269624e+01,5.694001e+00,-4.058734e+00,2.272450e+00,2.125162e+00,-5.042754e+00,-1.347237e+01,6.727985e+01,3.503729e+01,-3.080073e+02,0,0
-7.796742e+00,4.635798e-01,-2.853982e+00,-2.348049e+01,1.998147e+01,4.674027e+00,1.936346e+01,1.571001e+01,-4.668647e+00,-1.034534e+01,7.401554e+01,3.800636e+01,-2.934676e+02,0,0,-7.796742e+00,-4.635798e-01,2.853982e+00,-4.292102e+01,5.758983e+00,-3.699666e+00,1.822543e+00,1.919261e+00,-5.288026e+00,-1.478369e+01,6.720338e+01,3.704042e+01,-3.053548e+02,0,0
-8.275365e+00,4.499972e-01,-2.835469e+00,-2.280871e+01,2.108761e+01,5.210275e+00,1.944401e+01,1.626855e+01,-5.734028e+00,-1.155244e+01,7.458456e+01,3.969811e+01,-2.907167e+02,0,0,-8.275365e+00,-4.499972e-01,2.835469e+00,-4.267593e+01,6.499791e+00,-3.655403e+00,1.196214e+00,2.686932e+00,-5.997576e+00,-1.621674e+01,6.762342e+01,3.866241e+01,-3.029911e+02,0,0
-8.869596e+00,7.603022e-01,-2.093998e+00,-2.219080e+01,2.218019e+01,4.467626e+00,1.894096e+01,1.692577e+01,-6.663411e+00,-1.381412e+01,7.518031e+01,4.181824e+01,-2.879327e+02,0,0,-8.869596e+00,-7.603022e-01,2.093998e+00,-4.319875e+01,7.550478e+00,-4.583225e+00,1.078365e+00,3.582588e+00,-7.279440e+00,-1.759601e+01,6.923440e+01,4.044541e+01,-3.005865e+02,0,0
-9.436316e+00,5.416274e-01,-1.573745e+00,-2.201831e+01,2.326309e+01,4.117516e+00,1.908084e+01,1.701296e+01,-6.829725e+00,-1.490977e+01,7.518839e+01,4.319511e+01,-2.858782e+02,0,0,-9.436316e+00,-5.416274e-01,1.573745e+00,-4.386788e+01,8.638390e+00,-3.478770e+00,2.080148e-01,4.131929e+00,-7.544286e+00,-1.918880e+01,6.986432e+01,4.094680e+01,-2.994585e+02,0,0
-1.000043e+01,5.576253e-01,-1.569488e+00,-2.200780e+01,2.377815e+01,3.630285e+00,1.925663e+01,1.749292e+01,-7.007101e+00,-1.578571e+01,7.564024e+01,4.410544e+01,-2.846924e+02,0,0,-1.000043e+01,-5.576253e-01,1.569488e+00,-4.433223e+01,8.930954e+00,-4.014135e+00,-4.279963e-01,4.179961e+00,-7.797528e+00,-1.976659e+01,6.996205e+01,4.157462e+01,-2.984656e+02,0,0
-1.020211e+01,5.454443e-01,-1.574701e+00,-2.189969e+01,2.418590e+01,-5.726154e-01,1.960178e+01,1.821399e+01,-7.854669e+00,-1.669455e+01,7.566415e+01,4.478809e+01,-2.836531e+02,0,0,-1.020211e+01,-5.454443e-01,1.574701e+00,-4.449276e+01,8.655082e+00,-3.668778e+00,-4.232834e-01,4.610491e+00,-8.087035e+00,-2.100205e+01,7.054192e+01,4.248564e+01,-2.971387e+02,0,0
-1.020094e+01,3.231834e-01,-1.047911e+00,-2.158321e+01,2.440604e+01,4.045893e+00,1.928095e+01,1.771250e+01,-7.685425e+00,-1.702344e+01,7.510881e+01,4.507308e+01,-2.828881e+02,0,0,-1.020094e+01,-3.231834e-01,1.047911e+00,-4.473553e+01,9.720409e+00,-3.731159e+00,-1.070479e+00,5.077493e+00,-8.517896e+00,-2.192713e+01,7.119674e+01,4.355657e+01,-2.962467e+02,0,0
-1.071706e+01,3.331348e-01,-1.046170e+00,-2.198484e+01,2.406226e+01,4.439566e+00,1.912406e+01,1.788343e+01,-7.173862e+00,-1.735083e+01,7.508764e+01,4.524658e+01,-2.822644e+02,0,0,-1.071706e+01,-3.331348e-01,1.046170e+00,-4.503787e+01,9.423945e+00,-3.754141e+00,-1.293104e+00,5.185776e+00,-8.392479e+00,-2.250394e+01,7.070133e+01,4.377176e+01,-2.951790e+02,0,0
-1.075874e+01,3.238834e-01,-1.050172e+00,-2.190780e+01,2.390164e+01,3.791603e+00,1.914879e+01,1.750630e+01,-7.417752e+00,-1.856067e+01,7.517222e+01,4.645579e+01,-2.812433e+02,0,0,-1.075874e+01,-3.238834e-01,1.050172e+00,-4.461062e+01,9.592054e+00,-4.716580e+00,-1.222035e+00,5.349743e+00,-8.913313e+00,-2.354981e+01,7.049846e+01,4.492687e+01,-2.935603e+02,0,0
-1.075874e+01,3.238834e-01,-1.050172e+00,-2.169575e+01,2.395657e+01,2.845183e+00,1.905563e+01,1.764456e+01,-7.950520e+00,-1.976417e+01,7.562402e+01,4.713723e+01,-2.801070e+02,0,0,-1.075874e+01,-3.238834e-01,1.050172e+00,-4.481884e+01,9.841879e+00,-7.241092e+00,-1.547263e+00,4.754951e+00,-9.351222e+00,-2.512236e+01,6.977629e+01,4.661651e+01,-2.912262e+02,0,0
-1.075874e+01,3.238834e-01,-1.050172e+00,-2.191119e+01,2.388345e+01,2.532812e+00,1.852196e+01,1.759991e+01,-7.810059e+00,-2.042982e+01,7.560128e+01,4.704627e+01,-2.790543e+02,0,0,-1.075874e+01,-3.238834e-01,1.050172e+00,-4.513122e+01,9.274304e+00,-4.899822e+00,-1.430058e+00,4.176686e+00,-9.394569e+00,-2.649078e+01,6.921090e+01,4.825939e+01,-2.894662e+02,0,0
-1.080925e+01,8.511467e-01,-8.269303e-01,-2.203756e+01,2.363999e+01,2.261562e+00,1.796243e+01,1.740746e+01,-8.410979e+00,-2.185942e+01,7.517977e+01,4.868195e+01,-2.735118e+02,0,0,-1.080925e+01,-8.511467e-01,8.269303e-01,-4.486853e+01,9.821949e+00,-6.557852e+00,-1.404121e+00,3.911102e+00,-1.020050e+01,-2.761970e+01,6.932833e+01,4.971845e+01,-2.872102e+02,0,0
-1.080925e+01,8.511467e-01,-8.269303e-01,-2.166103e+01,2.414122e+01,1.900817e+00,1.801796e+01,1.689453e+01,-8.845739e+00,-2.349524e+01,7.510014e+01,5.001470e+01,-2.721392e+02,0,0,-1.080925e+01,-8.511467e-01,8.269303e-01,-4.519424e+01,1.024351e+01,-6.986884e+00,-1.880047e+00,4.102218e+00,-1.058499e+01,-2.948436e+01,6.965832e+01,5.122241e+01,-2.853559e+02,0,0
-1.080925e+01,8.511467e-01,-8.269303e-01,-2.174798e+01,2.429408e+01,3.324257e+00,1.799526e+01,1.701507e+01,-8.696915e+00,-2.380360e+01,7.505614e+01,5.010971e+01,-2.748467e+02,0,0,-1.080925e+01,-8.511467e-01,8.269303e-01,-4.527306e+01,1.033993e+01,-7.115393e+00,-2.375319e+00,3.610010e+00,-1.141458e+01,-3.034071e+01,6.984293e+01,5.164830e+01,-2.849492e+02,0,0
-1.080925e+01,8.511467e-01,-8.269303e-01,-2.138435e+01,2.431724e+01,3.220350e+00,1.797376e+01,1.712911e+01,-8.803568e+00,-2.418925e+01,7.507123e+01,5.120632e+01,-2.739606e+02,0,0,-1.080925e+01,-8.511467e-01,8.269303e-01,-4.531486e+01,1.084672e+01,-7.473488e+00,-2.476595e+00,4.139605e+00,-1.141199e+01,-3.036569e+01,6.979624e+01,5.175048e+01,-2.845090e+02,0,0
-1.080925e+01,8.511467e-01,-8.269303e-01,-2.084999e+01,2.447851e+01,6.076907e-01,1.817917e+01,1.673127e+01,-1.010421e+01,-2.617966e+01,7.516922e+01,5.251998e+01,-2.690545e+02,0,0,-1.080925e+01,-8.511467e-01,8.269303e-01,-4.513802e+01,1.154434e+01,-7.456542e+00,-2.398781e+00,4.319263e+00,-1.194146e+01,-3.170714e+01,7.089899e+01,5.298247e+01,-2.827850e+02,0,0
-1.126471e+01,1.068074e+00,-1.345343e+00,-2.090514e+01,2.514804e+01,4.419868e-01,1.791398e+01,1.752130e+01,-1.079471e+01,-2.743222e+01,7.571801e+01,5.263610e+01,-2.682860e+02,0,0,-1.126471e+01,-1.068074e+00,1.345343e+00,-4.505895e+01,1.174914e+01,-6.867624e+00,-2.138373e+00,3.945445e+00,-1.206892e+01,-3.268181e+01,7.068949e+01,5.348887e+01,-2.819946e+02,0,0
-1.126471e+01,1.068074e+00,-1.345343e+00,-1.999824e+01,2.516657e+01,-3.066288e-01,1.809223e+01,1.724343e+01,-1.120585e+01,-2.821989e+01,7.508971e+01,5.417196e+01,-2.667409e+02,0,0,-1.126471e+01,-1.068074e+00,1.345343e+00,-4.477934e+01,1.221713e+01,-7.845347e+00,-2.011781e+00,3.383838e+00,-1.209521e+01,-3.362548e+01,7.053913e+01,5.497936e+01,-2.805197e+02,0,0
-1.187877e+01,1.071659e+00,-1.347709e+00,-2.011942e+01,2.496211e+01,-2.691645e-01,1.810791e+01,1.690285e+01,-1.091974e+01,-2.889460e+01,7.453313e+01,5.463487e+01,-2.661852e+02,0,0,-1.187877e+01,-1.071659e+00,1.347709e+00,-4.507471e+01,1.240442e+01,-8.124412e+00,-2.652215e+00,3.374434e+00,-1.231237e+01,-3.420725e+01,7.023311e+01,5.503520e+01,-2.794980e+02,0,0
-1.186176e+01,1.292081e+00,-1.871816e+00,-1.992676e+01,2.548044e+01,1.979287e-01,1.742625e+01,1.748585e+01,-1.100478e+01,-3.009109e+01,7.483469e+01,5.548478e+01,-2.654929e+02,0,0,-1.186176e+01,-1.292081e+00,1.871816e+00,-4.434291e+01,1.200923e+01,-8.797689e+00,-2.429549e+00,2.851673e+00,-1.234644e+01,-3.458900e+01,6.984869e+01,5.614124e+01,-2.787974e+02,0,0
-1.187358e+01,1.293314e+00,-1.873660e+00,-1.953433e+01,2.514208e+01,-1.734023e+00,1.753494e+01,1.696398e+01,-1.173370e+01,-3.048668e+01,7.489771e+01,5.559119e+01,-2.658915e+02,0,0,-1.187358e+01,-1.293314e+00,1.873660e+00,-4.387698e+01,1.217985e+01,-8.564143e+00,-1.851137e+00,3.179017e+00,-1.292078e+01,-3.456425e+01,6.976088e+01,5.656601e+01,-2.788338e+02,0,0
-1.187358e+01,1.293314e+00,-1.873660e+00,-1.973121e+01,2.521516e+01,-1.721328e+00,1.753494e+01,1.696398e+01,-1.173370e+01,-2.924295e+01,7.421760e+01,5.388877e+01,-2.715379e+02,0,0,-1.187358e+01,-1.293314e+00,1.873660e+00,-4.391716e+01,1.237642e+01,-8.482341e+00,-1.694778e+00,3.197256e+00,-1.261205e+01,-3.369574e+01,6.993751e+01,5.580545e+01,-2.799664e+02,0,0
-1.187358e+01,1.293314e+00,-1.873660e+00,-1.986827e+01,2.508879e+01,2.423473e-01,1.808269e+01,1.690616e+01,-1.102423e+01,-2.804994e+01,7.395551e+01,5.308801e+01,-2.721777e+02,0,0,-1.187358e+01,-1.293314e+00,1.873660e+00,-4.421346e+01,1.241159e+01,-8.102174e+00,-1.163613e+00,3.310236e+00,-1.263233e+01,-3.330891e+01,6.960128e+01,5.597440e+01,-2.807164e+02,0,0
-1.243390e+01,1.295548e+00,-1.877151e+00,-2.018517e+01,2.480182e+01,-5.581219e-01,1.774281e+01,1.755846e+01,-1.039964e+01,-2.667440e+01,7.344860e+01,5.187318e+01,-2.740796e+02,0,0,-1.243390e+01,-1.295548e+00,1.877151e+00,-4.447330e+01,1.216339e+01,-7.767211e+00,-1.172915e+00,3.122232e+00,-1.192122e+01,-3.264474e+01,6.850204e+01,5.478794e+01,-2.819391e+02,0,0
-1.181717e+01,1.291115e+00,-1.874047e+00,-2.027474e+01,2.468036e+01,-5.132384e-01,1.867059e+01,1.730802e+01,-1.051718e+01,-2.563833e+01,7.300284e+01,5.057594e+01,-2.755684e+02,0,0,-1.181717e+01,-1.291115e+00,1.874047e+00,-4.399962e+01,1.192094e+01,-7.668119e+00,-1.230494e+00,3.117951e+00,-1.212869e+01,-3.211840e+01,6.794579e+01,5.415800e+01,-2.832893e+02,0,0
-1.183151e+01,7.625755e-01,-2.095999e+00,-2.138164e+01,2.526073e+01,2.249941e+00,1.909280e+01,1.789814e+01,-9.826781e+00,-2.340927e+01,7.205269e+01,4.842946e+01,-2.789307e+02,0,0,-1.183151e+01,-7.625755e-01,2.095999e+00,-4.425962e+01,1.166455e+01,-7.941684e+00,-1.127377e+00,2.708731e+00,-1.115527e+01,-3.146555e+01,6.684720e+01,5.281139e+01,-2.850301e+02,0,0
-1.175674e+01,2.663754e-02,-1.787340e+00,-2.179321e+01,2.475762e+01,3.103881e+00,1.971940e+01,1.717880e+01,-8.439889e+00,-2.040935e+01,7.083758e+01,4.557645e+01,-2.831670e+02,0,0,-1.175674e+01,-2.663754e-02,1.787340e+00,-4.504770e+01,1.174822e+01,-6.671220e+00,-8.861639e-01,3.103915e+00,-1.071038e+01,-3.015540e+01,6.643194e+01,5.063123e+01,-2.882039e+02,0,0
-1.118774e+01,1.031232e-02,-1.790947e+00,-2.204866e+01,2.473320e+01,4.191114e+00,2.024493e+01,1.753369e+01,-8.274195e+00,-1.903632e+01,7.084912e+01,4.347846e+01,-2.867241e+02,0,0,-1.118774e+01,-1.031232e-02,1.790947e+00,-4.485055e+01,1.144755e+01,-6.471393e+00,-2.837110e-01,3.208273e+00,-1.055909e+01,-2.847636e+01,6.643759e+01,4.902580e+01,-2.901599e+02,0,0
-1.058309e+01,-5.186439e-01,-2.007169e+00,-2.242070e+01,2.503472e+01,3.018278e+00,2.081147e+01,1.834405e+01,-7.996103e+00,-1.703819e+01,7.105357e+01,4.092472e+01,-2.902474e+02,0,0,-1.058309e+01,5.186439e-01,2.007169e+00,-4.567954e+01,1.140669e+01,-4.364712e+00,-3.895587e-01,3.318435e+00,-1.081444e+01,-2.735109e+01,6.561470e+01,4.717768e+01,-2.929362e+02,0,0
-1.060345e+01,-1.017923e+00,-2.240632e+00,-2.286206e+01,2.409854e+01,5.536717e+00,2.115884e+01,1.884336e+01,-6.925229e+00,-1.461284e+01,7.180595e+01,3.727048e+01,-2.946989e+02,0,0,-1.060345e+01,1.017923e+00,2.240632e+00,-4.611275e+01,9.957526e+00,-6.693715e+00,-2.628257e-01,2.930831e+00,-9.856767e+00,-2.567206e+01,6.507151e+01,4.463552e+01,-2.964113e+02,0,0
-9.830658e+00,-1.804891e+00,-1.943788e+00,-2.289703e+01,2.481299e+01,6.837332e+00,2.187382e+01,1.909819e+01,-6.661097e+00,-1.253433e+01,7.111627e+01,3.439012e+01,-2.994072e+02,0,0,-9.830658e+00,1.804891e+00,1.943788e+00,-4.653785e+01,1.105064e+01,-7.734980e+00,-7.389166e-01,3.638863e+00,-9.662262e+00,-2.494933e+01,6.511976e+01,4.326051e+01,-2.988625e+02,0,0
-9.243172e+00,-2.352630e+00,-2.105199e+00,-2.332585e+01,2.487916e+01,6.314363e+00,2.275087e+01,1.959846e+01,-6.543976e+00,-1.050697e+01,7.111837e+01,3.090719e+01,-3.041646e+02,0,0,-9.243172e+00,2.352630e+00,2.105199e+00,-4.662451e+01,1.070308e+01,-5.328262e+00,-1.167607e+00,3.324095e+00,-9.417538e+00,-2.349579e+01,6.438226e+01,4.147288e+01,-3.018356e+02,0,0
-8.698456e+00,-2.346056e+00,-2.102188e+00,-2.341789e+01,2.394639e+01,7.473495e+00,2.268604e+01,1.965668e+01,-5.743111e+00,-8.794133e+00,7.139000e+01,2.783425e+01,-3.080553e+02,0,0,-8.698456e+00,2.346056e+00,2.102188e+00,-4.709778e+01,9.994659e+00,-6.932976e+00,-6.746889e-01,3.491953e+00,-8.721957e+00,-2.092901e+01,6.492759e+01,3.768830e+01,-3.059643e+02,0,0
-8.664405e+00,-2.331457e+00,-2.094134e+00,-2.373083e+01,2.342209e+01,8.173196e+00,2.249804e+01,2.004410e+01,-5.225115e+00,-7.594867e+00,7.077906e+01,2.383474e+01,-3.128291e+02,0,0,-8.664405e+00,2.331457e+00,2.094134e+00,-4.718197e+01,9.412525e+00,-2.326856e+00,-2.579435e-01,3.835827e+00,-8.138752e+00,-1.805848e+01,6.490480e+01,3.421632e+01,-3.101224e+02,0,0
-8.221714e+00,-2.330861e+00,-2.116023e+00,-2.474625e+01,2.301752e+01,9.126314e+00,2.242185e+01,2.016330e+01,-4.579566e+00,-6.345525e+00,7.140068e+01,2.034151e+01,-3.172088e+02,0,0,-8.221714e+00,2.330861e+00,2.116023e+00,-4.704783e+01,9.355895e+00,-4.109434e+00,3.152952e-01,4.133076e+00,-7.900554e+00,-1.600331e+01,6.497336e+01,3.117046e+01,-3.141719e+02,0,0
-7.942936e+00,-2.877476e+00,-2.333393e+00,-2.447363e+01,2.300004e+01,1.070458e+01,2.291510e+01,2.066593e+01,-4.427463e+00,-4.658151e+00,7.217304e+01,1.783685e+01,-3.200993e+02,0,0,-7.942936e+00,2.877476e+00,2.333393e+00,-4.754867e+01,8.834628e+00,-3.063276e+00,-2.555003e-01,3.743924e+00,-6.885602e+00,-1.505107e+01,6.411442e+01,2.806483e+01,-3.191765e+02,0,0
-7.934989e+00,-2.878582e+00,-2.331064e+00,-2.476453e+01,2.281888e+01,9.101918e+00,2.306621e+01,2.042873e+01,-4.172686e+00,-3.805104e+00,7.138828e+01,1.405091e+01,-3.251106e+02,0,0,-7.934989e+00,2.878582e+00,2.331064e+00,-4.782980e+01,8.223555e+00,-2.557139e+00,-4.228914e-01,4.114676e+00,-6.345437e+00,-1.297396e+01,6.408566e+01,2.382528e+01,-3.229698e+02,0,0
-7.384302e+00,-2.870823e+00,-2.324886e+00,-2.544137e+01,2.230098e+01,1.192698e+01,2.343663e+01,2.027477e+01,-3.977576e+00,-2.343210e+00,7.156939e+01,1.165779e+01,-3.282989e+02,0,0,-7.384302e+00,2.870823e+00,2.324886e+00,-4.763703e+01,8.236425e+00,-2.461308e+00,2.663100e-01,3.745501e+00,-6.096244e+00,-1.067583e+01,6.442104e+01,2.168259e+01,-3.258025e+02,0,0
-7.365031e+00,-3.094463e+00,-1.800599e+00,-2.549277e+01,2.172447e+01,1.156676e+01,2.318549e+01,1.987836e+01,-3.107789e+00,-1.131770e+00,7.049689e+01,6.961930e+00,-3.332720e+02,0,0,-7.365031e+00,3.094463e+00,1.800599e+00,-4.778269e+01,8.248691e+00,-1.856543e+00,-2.758215e-02,4.146600e+00,-5.600238e+00,-9.123461e+00,6.537501e+01,1.913384e+01,-3.289981e+02,0,0
-7.365031e+00,-3.094463e+00,-1.800599e+00,-2.596482e+01,2.179631e+01,1.208063e+01,2.337914e+01,2.003701e+01,-2.416500e+00,3.522266e-02,7.028804e+01,3.759766e+00,-3.372082e+02,0,0,-7.365031e+00,3.094463e+00,1.800599e+00,-4.714542e+01,8.211300e+00,-1.364766e+00,5.744519e-01,3.942779e+00,-4.867630e+00,-7.907508e+00,6.569531e+01,1.585176e+01,-3.327708e+02,0,0
-7.365031e+00,-3.094463e+00,-1.800599e+00,-2.616086e+01,2.168210e+01,1.169994e+01,2.334640e+01,1.988611e+01,-2.203623e+00,1.575543e+00,7.050382e+01,8.858965e-01,-3.404851e+02,0,0,-7.365031e+00,3.094463e+00,1.800599e+00,-4.721903e+01,8.328150e+00,-2.026491e+00,5.508082e-01,4.316740e+00,-4.041580e+00,-6.072482e+00,6.599954e+01,1.271628e+01,-3.356323e+02,0,0
-7.338463e+00,-2.567051e+00,-1.577339e+00,-2.650920e+01,2.107411e+01,1.096658e+01,2.333073e+01,1.967937e+01,-2.278467e+00,1.729411e+00,6.968514e+01,-1.770648e+00,-3.434390e+02,0,0,-7.338463e+00,2.567051e+00,1.577339e+00,-4.673860e+01,8.308891e+00,-1.060804e+00,9.664452e-01,4.524699e+00,-3.583318e+00,-3.966590e+00,6.639116e+01,9.968810e+00,-3.395766e+02,0,0
-7.338463e+00,-2.567051e+00,-1.577339e+00,-2.693655e+01,2.120217e+01,1.089907e+01,2.330515e+01,1.940921e+01,-1.382020e+00,2.395377e+00,6.940022e+01,-3.988996e+00,-3.464838e+02,0,0,-7.338463e+00,2.567051e+00,1.577339e+00,-4.669319e+01,8.882977e+00,-1.881717e+00,1.536433e+00,4.328456e+00,-3.646508e+00,-2.414331e+00,6.622337e+01,6.526543e+00,-3.429637e+02,0,0
-7.338463e+00,-2.567051e+00,-1.577339e+00,-2.716215e+01,2.073528e+01,1.235746e+01,2.330515e+01,1.940921e+01,-1.382020e+00,3.043197e+00,6.971276e+01,-5.902533e+00,-3.484332e+02,0,0,-7.338463e+00,2.567051e+00,1.577339e+00,-4.649775e+01,8.392263e+00,-3.721132e-01,2.089300e+00,4.824706e+00,-2.863868e+00,-7.012016e-01,6.597587e+01,3.775132e+00,-3.466203e+02,0,0
-7.365031e+00,-3.094463e+00,-1.800599e+00,-2.698248e+01,2.081560e+01,1.305309e+01,2.375072e+01,1.950262e+01,-9.673688e-01,5.078189e+00,7.046737e+01,-8.380493e+00,-3.508930e+02,0,0,-7.365031e+00,3.094463e+00,1.800599e+00,-4.715696e+01,8.214089e+00,3.830501e-02,1.583714e+00,4.590780e+00,-2.090103e+00,-2.046494e-01,6.695212e+01,1.516833e+00,-3.487080e+02,0,0
-7.365031e+00,-3.094463e+00,-1.800599e+00,-2.721029e+01,2.075547e+01,1.174499e+01,2.386797e+01,1.950301e+01,-6.772630e-01,5.876324e+00,7.056176e+01,-1.034487e+01,-3.530879e+02,0,0,-7.365031e+00,3.094463e+00,1.800599e+00,-4.715556e+01,8.437992e+00,1.359370e+00,1.533350e+00,4.975648e+00,-2.034544e+00,1.209329e+00,6.651060e+01,-2.331858e+00,-3.526870e+02,0,0
-7.365031e+00,-3.094463e+00,-1.800599e+00,-2.731293e+01,2.100577e+01,1.161388e+01,2.382018e+01,1.990495e+01,-7.172982e-01,6.659256e+00,7.021566e+01,-1.102635e+01,-3.546144e+02,0,0,-7.365031e+00,3.094463e+00,1.800599e+00,-4.700542e+01,8.339440e+00,1.954099e+00,1.971021e+00,4.913349e+00,-1.672490e+00,2.369000e+00,6.681917e+01,-4.027208e+00,-3.545118e+02,0,0
-7.365031e+00,-3.094463e+00,-1.800599e+00,-2.756607e+01,2.107964e+01,9.108347e+00,2.391560e+01,1.994886e+01,-2.831569e-01,6.782817e+00,7.043073e+01,-1.280304e+01,-3.559260e+02,0,0,-7.365031e+00,3.094463e+00,1.800599e+00,-4.693427e+01,8.496231e+00,7.565301e-01,2.056493e+00,5.296675e+00,-1.341087e+00,3.573676e+00,6.748032e+01,-6.242656e+00,-3.572351e+02,0,0
-7.307828e+00,-3.094917e+00,-1.800828e+00,-2.739186e+01,2.115109e+01,1.091218e+01,2.398993e+01,2.045310e+01,-3.188782e-02,7.528515e+00,7.004413e+01,-1.373755e+01,-3.574798e+02,0,0,-7.307828e+00,3.094917e+00,1.800828e+00,-4.639779e+01,8.361577e+00,2.240836e+00,2.537195e+00,5.407816e+00,-9.649718e-01,4.498937e+00,6.777562e+01,-8.356756e+00,-3.589449e+02,0,0
-6.817587e+00,-3.625078e+00,-2.026688e+00,-2.738216e+01,2.096967e+01,1.450997e+01,2.454435e+01,2.044283e+01,-2.887883e-01,8.779620e+00,7.085314e+01,-1.566341e+01,-3.593751e+02,0,0,-6.817587e+00,3.625078e+00,2.026688e+00,-4.715609e+01,8.513364e+00,1.896057e+00,2.054393e+00,5.114303e+00,-1.492843e+00,3.967780e+00,6.799462e+01,-9.015919e+00,-3.601336e+02,0,0
-6.706417e+00,-3.833709e+00,-1.495570e+00,-2.697892e+01,2.035649e+01,1.380808e+01,2.472159e+01,1.979721e+01,-2.198463e-01,9.544829e+00,7.068885e+01,-1.723297e+01,-3.606607e+02,0,0,-6.706417e+00,3.833709e+00,1.495570e+00,-4.729627e+01,8.819891e+00,1.260793e+00,1.948266e+00,6.183655e+00,-1.320799e+00,4.427493e+00,6.837802e+01,-1.089259e+01,-3.613752e+02,0,0
-6.706417e+00,-3.833709e+00,-1.495570e+00,-2.744855e+01,2.038641e+01,1.334038e+01,2.467022e+01,2.020602e+01,5.779404e-01,1.033349e+01,7.082488e+01,-1.871949e+01,-3.625700e+02,0,0,-6.706417e+00,3.833709e+00,1.495570e+00,-4.737320e+01,8.546655e+00,2.795880e+00,1.852264e+00,6.022986e+00,-8.008360e-01,5.112924e+00,6.943742e+01,-1.231037e+01,-3.632422e+02,0,0
-6.242877e+00,-3.826524e+00,-1.510797e+00,-2.760498e+01,2.053903e+01,1.543618e+01,2.481185e+01,2.005455e+01,1.103072e-01,1.118650e+01,7.128589e+01,-2.000070e+01,-3.640542e+02,0,0,-6.242877e+00,3.826524e+00,1.510797e+00,-4.780313e+01,8.910846e+00,1.507677e+00,1.845536e+00,6.474503e+00,-1.288260e+00,5.894015e+00,6.996122e+01,-1.370537e+01,-3.645042e+02,0,0
-5.997444e+00,-3.859595e+00,-1.505619e+00,-2.756236e+01,2.079591e+01,1.492783e+01,2.507488e+01,2.064831e+01,5.676124e-01,1.138935e+01,7.113527e+01,-2.022864e+01,-3.649372e+02,0,0,-5.997444e+00,3.859595e+00,1.505619e+00,-4.798147e+01,9.414975e+00,1.732023e+00,2.444064e+00,6.410301e+00,-9.145419e-01,6.084570e+00,7.037295e+01,-1.431776e+01,-3.651758e+02,0,0
-6.028495e+00,-4.387444e+00,-1.730438e+00,-2.734582e+01,2.100641e+01,1.514553e+01,2.556124e+01,2.054770e+01,5.332038e-01,1.241727e+01,7.211971e+01,-2.184417e+01,-3.657208e+02,0,0,-6.028495e+00,4.387444e+00,1.730438e+00,-4.840361e+01,9.055230e+00,3.659808e+00,1.855614e+00,6.720500e+00,-8.845238e-01,6.131066e+00,7.063630e+01,-1.554254e+01,-3.666270e+02,0,0
-5.970879e+00,-4.387335e+00,-1.730616e+00,-2.751643e+01,2.077047e+01,1.952453e+01,2.557954e+01,2.052705e+01,4.757812e-01,1.281652e+01,7.202177e+01,-2.263175e+01,-3.667578e+02,0,0,-5.970879e+00,4.387335e+00,1.730616e+00,-4.840830e+01,9.161039e+00,2.258996e+00,1.880007e+00,6.565805e+00,-9.050780e-01,6.815942e+00,7.037875e+01,-1.600697e+01,-3.676875e+02,0,0
-5.970879e+00,-4.387335e+00,-1.730616e+00,-2.760683e+01,2.058010e+01,1.396895e+01,2.619020e+01,2.102547e+01,6.122577e-01,1.325857e+01,7.203820e+01,-2.326834e+01,-3.675858e+02,0,0,-5.970879e+00,4.387335e+00,1.730616e+00,-4.847955e+01,9.175631e+00,2.117873e+00,1.863520e+00,6.544267e+00,-9.375425e-01,7.196902e+00,7.051590e+01,-1.673569e+01,-3.683707e+02,0,0
-5.446285e+00,-4.385772e+00,-1.732160e+00,-2.763401e+01,2.057314e+01,1.427816e+01,2.569372e+01,2.086043e+01,7.166268e-01,1.301398e+01,7.212999e+01,-2.270457e+01,-3.669432e+02,0,0,-5.446285e+00,4.385772e+00,1.732160e+00,-4.870676e+01,9.129809e+00,4.077432e+00,1.984917e+00,7.100413e+00,-6.816543e-01,7.190919e+00,7.069291e+01,-1.621266e+01,-3.679796e+02,0,0
-5.446285e+00,-4.385772e+00,-1.732160e+00,-2.757920e+01,2.033364e+01,1.373298e+01,2.569372e+01,2.086043e+01,7.166268e-01,1.315251e+01,7.201238e+01,-2.275021e+01,-3.671339e+02,0,0,-5.446285e+00,4.385772e+00,1.732160e+00,-4.905612e+01,9.053189e+00,3.838078e+00,1.999454e+00,6.951343e+00,-6.490191e-01,7.650199e+00,7.087899e+01,-1.687799e+01,-3.680751e+02,0,0
-6.028495e+00,-4.387444e+00,-1.730438e+00,-2.781308e+01,2.013656e+01,1.411325e+01,2.551565e+01,2.095597e+01,1.316979e+00,1.335127e+01,7.203604e+01,-2.389982e+01,-3.679790e+02,0,0,-6.028495e+00,4.387444e+00,1.730438e+00,-4.903599e+01,8.721205e+00,4.233819e+00,1.909400e+00,7.017356e+00,-6.642235e-02,7.820454e+00,7.144070e+01,-1.720820e+01,-3.689943e+02,0,0
-6.028495e+00,-4.387444e+00,-1.730438e+00,-2.794989e+01,2.009372e+01,1.670218e+01,2.551565e+01,2.095597e+01,1.316979e+00,1.360922e+01,7.187320e+01,-2.397529e+01,-3.686010e+02,0,0,-6.028495e+00,4.387444e+00,1.730438e+00,-4.924197e+01,8.504726e+00,4.369517e+00,1.807276e+00,6.894169e+00,3.649669e-01,8.318382e+00,7.139226e+01,-1.782185e+01,-3.692682e+02,0,0
-5.997444e+00,-3.859595e+00,-1.505619e+00,-2.831351e+01,1.983979e+01,1.432509e+01,2.495652e+01,2.074778e+01,1.402989e+00,1.309217e+01,7.181162e+01,-2.401099e+01,-3.686274e+02,0,0,-5.997444e+00,3.859595e+00,1.505619e+00,-4.855439e+01,8.696867e+00,4.355286e+00,2.338751e+00,7.116026e+00,3.406914e-01,8.702991e+00,7.162322e+01,-1.777190e+01,-3.693769e+02,0,0
-5.997444e+00,-3.859595e+00,-1.505619e+00,-2.786780e+01,1.979679e+01,1.423776e+01,2.549804e+01,2.073063e+01,1.235802e+00,1.316345e+01,7.161085e+01,-2.403736e+01,-3.688027e+02,0,0,-5.997444e+00,3.859595e+00,1.505619e+00,-4.853024e+01,8.787950e+00,4.439921e+00,2.338751e+00,7.116026e+00,3.406914e-01,9.041284e+00,7.164388e+01,-1.776054e+01,-3.693881e+02,0,0
-5.997444e+00,-3.859595e+00,-1.505619e+00,-2.794193e+01,1.983311e+01,1.362086e+01,2.549804e+01,2.073063e+01,1.235802e+00,1.333845e+01,7.169654e+01,-2.376068e+01,-3.686642e+02,0,0,-5.997444e+00,3.859595e+00,1.505619e+00,-4.878863e+01,8.913571e+00,4.909265e+00,2.338751e+00,7.116026e+00,3.406914e-01,8.944879e+00,7.153402e+01,-1.777588e+01,-3.693871e+02,0,0
-5.997444e+00,-3.859595e+00,-1.505619e+00,-2.818402e+01,1.995821e+01,1.412721e+01,2.549804e+01,2.073063e+01,1.235802e+00,1.346954e+01,7.161601e+01,-2.379979e+01,-3.687729e+02,0,0,-5.997444e+00,3.859595e+00,1.505619e+00,-4.879581e+01,8.853717e+00,4.830738e+00,2.338751e+00,7.116026e+00,3.406914e-01,9.225174e+00,7.190722e+01,-1.768521e+01,-3.692848e+02,0,0
-5.997444e+00,-3.859595e+00,-1.505619e+00,-2.799722e+01,1.974838e+01,1.380414e+01,2.549804e+01,2.073063e+01,1.235802e+00,1.358587e+01,7.177365e+01,-2.392408e+01,-3.687620e+02,0,0,-5.997444e+00,3.859595e+00,1.505619e+00,-4.906279e+01,8.906354e+00,4.966377e+00,2.326284e+00,7.098937e+00,3.939348e-01,9.310475e+00,7.213298e+01,-1.783868e+01,-3.694789e+02,0,0
-5.997444e+00,-3.859595e+00,-1.505619e+00,-2.816581e+01,1.972104e+01,1.531051e+01,2.550956e+01,2.061107e+01,1.202408e+00,1.346167e+01,7.167405e+01,-2.388872e+01,-3.688500e+02,0,0,-5.997444e+00,3.859595e+00,1.505619e+00,-4.891517e+01,8.815370e+00,4.833530e+00,2.338751e+00,7.116026e+00,3.406914e-01,9.477685e+00,7.207521e+01,-1.836355e+01,-3.695380e+02,0,0
-5.997444e+00,-3.859595e+00,-1.505619e+00,-2.842459e+01,1.945462e+01,1.431693e+01,2.562706e+01,2.060720e+01,1.490487e+00,1.373676e+01,7.148823e+01,-2.442804e+01,-3.689733e+02,0,0,-5.997444e+00,3.859595e+00,1.505619e+00,-4.947565e+01,8.694457e+00,6.212758e+00,3.029446e+00,7.176693e+00,5.832899e-01,9.605796e+00,7.215989e+01,-1.834859e+01,-3.696062e+02,0,0
-6.028495e+00,-4.387444e+00,-1.730438e+00,-2.798564e+01,1.966650e+01,1.467564e+01,2.601313e+01,2.078083e+01,2.049070e+00,1.424779e+01,7.162921e+01,-2.439420e+01,-3.689548e+02,0,0,-6.028495e+00,4.387444e+00,1.730438e+00,-4.979142e+01,8.667772e+00,3.315624e+00,2.497614e+00,6.955142e+00,6.102610e-01,9.214233e+00,7.202326e+01,-1.838950e+01,-3.696751e+02,0,0
-5.482302e+00,-4.374452e+00,-1.725273e+00,-2.772148e+01,1.999344e+01,1.350711e+01,2.617417e+01,2.057440e+01,1.509732e+00,1.403975e+01,7.153174e+01,-2.382883e+01,-3.685859e+02,0,0,-5.482302e+00,4.374452e+00,1.725273e+00,-4.958783e+01,9.080086e+00,3.500270e+00,2.574407e+00,6.872015e+00,2.753219e-02,9.039961e+00,7.193506e+01,-1.782783e+01,-3.693416e+02,0,0
-5.456224e+00,-4.151971e+00,-2.251037e+00,-2.805073e+01,2.047077e+01,1.348169e+01,2.604541e+01,2.104021e+01,1.243740e+00,1.376589e+01,7.187993e+01,-2.367791e+01,-3.683703e+02,0,0,-5.456224e+00,4.151971e+00,2.251037e+00,-4.926349e+01,8.797500e+00,4.557917e+00,2.811517e+00,6.195355e+00,6.313180e-02,9.388974e+00,7.159961e+01,-1.790561e+01,-3.692893e+02,0,0
