2.313408e+00,-6.048302e+00,-5.358915e+00,-5.663715e+00,1.423503e+01,-1.756310e+00,4.469023e+01,9.902920e+00,-1.533483e+01,-7.196010e+00,1.460237e+01,2.875269e+01,1.976726e+01,0,0,2.313408e+00,6.048302e+00,5.358915e+00,-1.948997e+01,-4.297525e-01,-4.046566e+00,2.032800e+01,-4.274734e+00,-1.073809e+01,-6.218451e+01,8.048561e+00,7.928401e+01,7.126131e+01,0,0
2.313408e+00,-6.048302e+00,-5.358915e+00,-5.655290e+00,1.424304e+01,-1.758382e+00,4.469023e+01,9.902920e+00,-1.533483e+01,-7.219880e+00,1.457740e+01,2.878393e+01,1.946414e+01,0,0,2.313408e+00,6.048302e+00,5.358915e+00,-1.933892e+01,-4.116761e-01,-4.045420e+00,2.032800e+01,-4.274734e+00,-1.073809e+01,-6.154626e+01,8.114806e+00,7.863899e+01,7.092265e+01,0,0
2.318853e+00,-6.053859e+00,-5.372707e+00,-5.633401e+00,1.459690e+01,-1.766895e+00,4.469844e+01,9.915839e+00,-1.541058e+01,-7.228050e+00,1.459571e+01,2.879761e+01,1.980631e+01,0,0,2.318853e+00,6.053859e+00,5.372707e+00,-1.930320e+01,1.084701e-01,-4.055627e+00,2.080487e+01,-4.299272e+00,-1.065917e+01,-6.200374e+01,8.129089e+00,7.908226e+01,7.108680e+01,0,0
2.287428e+00,-5.828554e+00,-5.884744e+00,-6.073852e+00,1.509054e+01,-1.610498e+00,4.453428e+01,1.031537e+01,-1.573510e+01,-7.004179e+00,1.508202e+01,2.833855e+01,1.917503e+01,0,0,2.287428e+00,5.828554e+00,5.884744e+00,-1.904002e+01,-4.034300e-01,-4.994203e+00,2.104498e+01,-5.291357e+00,-1.041844e+01,-6.503695e+01,7.936106e+00,8.174793e+01,7.432840e+01,0,0
2.800076e+00,-5.859653e+00,-5.882183e+00,-5.789508e+00,1.473283e+01,-2.174520e+00,4.408625e+01,1.009090e+01,-1.567550e+01,-9.471481e+00,1.534152e+01,3.026287e+01,2.221345e+01,0,0,2.800076e+00,5.859653e+00,5.882183e+00,-1.863844e+01,-8.505443e-01,-4.664789e+00,2.102292e+01,-5.520913e+00,-1.087914e+01,-6.700389e+01,8.252809e+00,8.378632e+01,7.628670e+01,0,0
2.832280e+00,-6.079520e+00,-5.370323e+00,-6.208844e+00,1.403484e+01,-2.117186e+00,4.388994e+01,9.609876e+00,-1.517517e+01,-9.094839e+00,1.446569e+01,2.940707e+01,2.250760e+01,0,0,2.832280e+00,6.079520e+00,5.370323e+00,-1.928213e+01,-3.184163e-01,-4.554601e+00,2.030969e+01,-4.516231e+00,-1.120094e+01,-6.507449e+01,8.368620e+00,8.142759e+01,7.333583e+01,0,0
2.832280e+00,-6.079520e+00,-5.370323e+00,-5.989162e+00,1.368953e+01,-2.171828e+00,4.385462e+01,9.607614e+00,-1.491377e+01,-1.278783e+01,1.381137e+01,2.946636e+01,1.951991e+01,0,0,2.832280e+00,6.079520e+00,5.370323e+00,-1.934651e+01,-5.347953e-01,-3.770637e+00,2.015482e+01,-5.332474e+00,-1.047515e+01,-7.531696e+01,9.363339e+00,8.519099e+01,7.830508e+01,0,0
2.318853e+00,-6.053859e+00,-5.372707e+00,-6.677918e+00,1.313776e+01,-2.436978e+00,4.285475e+01,8.854946e+00,-1.416611e+01,-1.506563e+01,1.356159e+01,2.454162e+01,1.653697e+01,0,0,2.318853e+00,6.053859e+00,5.372707e+00,-2.016095e+01,-1.606889e+00,-4.062694e+00,1.944138e+01,-5.774628e+00,-9.734493e+00,-7.349083e+01,9.125470e+00,8.256109e+01,7.224119e+01,0,0
2.313408e+00,-6.048302e+00,-5.358915e+00,-6.979562e+00,1.257869e+01,-2.487600e+00,4.279660e+01,8.285121e+00,-1.393038e+01,-2.050171e+01,1.390122e+01,2.280200e+01,1.494553e+01,0,0,2.313408e+00,6.048302e+00,5.358915e+00,-2.046512e+01,-1.755872e+00,-4.054491e+00,1.938456e+01,-5.757907e+00,-9.900586e+00,-7.434005e+01,9.140624e+00,8.169587e+01,6.618232e+01,0,0
2.386760e+00,-6.583566e+00,-5.566980e+00,-7.147339e+00,1.224365e+01,-2.576665e+00,4.254508e+01,7.855601e+00,-1.454487e+01,-1.779247e+01,1.525475e+01,1.501048e+01,1.012032e+01,0,0,2.386760e+00,6.583566e+00,5.566980e+00,-2.154644e+01,-2.293438e+00,-5.457381e+00,1.885053e+01,-6.540588e+00,-9.939346e+00,-7.374214e+01,9.439157e+00,7.620056e+01,5.905180e+01,0,0
2.967090e+00,-6.810217e+00,-5.098088e+00,-6.815206e+00,1.149963e+01,-2.918251e+00,4.270957e+01,7.156797e+00,-1.425589e+01,-1.855236e+01,1.586859e+01,1.147334e+01,7.429079e+00,0,0,2.967090e+00,6.810217e+00,5.098088e+00,-2.187953e+01,-1.737635e+00,-4.657399e+00,1.779944e+01,-6.335979e+00,-1.023131e+01,-7.173169e+01,1.044657e+01,7.040805e+01,5.198196e+01,0,0
2.989218e+00,-6.760210e+00,-4.948874e+00,-7.352756e+00,1.115806e+01,-2.959237e+00,4.217737e+01,7.114307e+00,-1.444450e+01,-1.792170e+01,1.547630e+01,6.642670e+00,1.585535e+02,0,0,2.989218e+00,6.760210e+00,4.948874e+00,-2.212399e+01,-1.766515e+00,-4.618140e+00,1.772562e+01,-6.199510e+00,-1.061266e+01,-6.599701e+01,1.106127e+01,6.293951e+01,4.331101e+01,0,0
2.982800e+00,-6.711216e+00,-4.930814e+00,-8.000729e+00,1.075853e+01,-3.298785e+00,4.206830e+01,6.533748e+00,-1.435630e+01,-1.674734e+01,1.512298e+01,7.049126e-01,-2.116032e+00,0,0,2.982800e+00,6.711216e+00,4.930814e+00,-2.243741e+01,-2.050997e+00,-4.600242e+00,1.777435e+01,-6.178371e+00,-1.060831e+01,-6.631207e+01,1.097890e+01,6.210798e+01,4.083088e+01,0,0
2.982800e+00,-6.711216e+00,-4.930814e+00,-8.183755e+00,1.057728e+01,-2.862173e+00,4.253257e+01,6.460944e+00,-1.437734e+01,-1.527772e+01,1.520772e+01,-5.167041e+00,-7.896869e+00,0,0,2.982800e+00,6.711216e+00,4.930814e+00,-2.321519e+01,-1.984237e+00,-4.595234e+00,1.685272e+01,-6.308583e+00,-1.059959e+01,-6.273785e+01,1.127683e+01,5.274566e+01,3.142760e+01,0,0
2.982800e+00,-6.711216e+00,-4.930814e+00,-8.406925e+00,1.025950e+01,-3.337565e+00,4.173827e+01,6.537086e+00,-1.449246e+01,-1.375694e+01,1.478485e+01,-1.238202e+01,3.436073e+02,0,0,2.982800e+00,6.711216e+00,4.930814e+00,-2.346721e+01,-1.884835e+00,-4.593175e+00,1.625778e+01,-6.144119e+00,-1.069282e+01,-5.941413e+01,9.483826e+00,4.135237e+01,1.720735e+01,0,0
2.982800e+00,-6.711216e+00,-4.930814e+00,-8.768920e+00,1.020329e+01,-3.485030e+00,4.124976e+01,6.043143e+00,-1.450622e+01,-1.186767e+01,1.395554e+01,-1.610520e+01,3.414242e+02,0,0,2.982800e+00,6.711216e+00,4.930814e+00,-2.413184e+01,-2.316002e+00,-5.629974e+00,1.548792e+01,-6.660840e+00,-1.173348e+01,-5.684495e+01,1.100969e+01,3.196261e+01,1.935956e+01,0,0
2.982800e+00,-6.711216e+00,-4.930814e+00,-8.739220e+00,1.020050e+01,-3.375297e+00,4.121724e+01,6.043054e+00,-1.426245e+01,-9.864413e+00,1.330937e+01,-1.940534e+01,3.387308e+02,0,0,2.982800e+00,6.711216e+00,4.930814e+00,-2.442579e+01,-2.294017e+00,-5.819966e+00,1.496469e+01,-7.187610e+00,-1.153516e+01,-5.872608e+01,9.647570e+00,3.225287e+01,1.651336e+01,0,0
2.982800e+00,-6.711216e+00,-4.930814e+00,-8.834635e+00,9.746790e+00,-3.521848e+00,4.173195e+01,5.966949e+00,-1.464395e+01,-1.055084e+01,1.444129e+01,-2.320531e+01,3.359616e+02,0,0,2.982800e+00,6.711216e+00,4.930814e+00,-2.464985e+01,-2.196800e+00,-6.301674e+00,1.496072e+01,-7.338049e+00,-1.161553e+01,-5.512133e+01,1.045040e+01,2.474866e+01,1.011906e+01,0,0
3.049676e+00,-6.196677e+00,-4.721335e+00,-9.930877e+00,1.006222e+01,-4.158842e+00,4.067248e+01,5.302406e+00,-1.480185e+01,-1.210692e+01,1.748266e+01,-2.730541e+01,3.288533e+02,0,0,3.049676e+00,6.196677e+00,4.721335e+00,-2.483379e+01,-1.958511e+00,-6.145586e+00,1.469506e+01,-7.123967e+00,-1.203615e+01,-4.761022e+01,1.229590e+01,1.298956e+01,7.203786e+02,0,0
3.762936e+00,-6.286934e+00,-4.718101e+00,-1.049017e+01,1.076028e+01,-4.552721e+00,3.992255e+01,4.975769e+00,-1.481334e+01,-1.378425e+01,2.104619e+01,-2.940880e+01,3.336693e+02,0,0,3.762936e+00,6.286934e+00,4.718101e+00,-2.532418e+01,-1.546655e+00,-6.843616e+00,1.402698e+01,-7.366831e+00,-1.244547e+01,-4.423912e+01,1.556120e+01,5.357409e+00,3.535063e+02,0,0
3.753528e+00,-6.238984e+00,-4.701008e+00,-1.151446e+01,1.065435e+01,-4.338458e+00,3.908489e+01,5.045358e+00,-1.488773e+01,-1.230491e+01,2.410584e+01,-3.424267e+01,3.279225e+02,0,0,3.753528e+00,6.238984e+00,4.701008e+00,-2.648087e+01,-1.187376e+00,-7.360304e+00,1.319277e+01,-6.614741e+00,-1.257469e+01,-3.653851e+01,1.864268e+01,-6.729533e+00,3.436441e+02,0,0
3.686530e+00,-6.756498e+00,-4.909657e+00,-1.213617e+01,1.183250e+01,-5.288158e+00,3.908554e+01,5.228952e+00,-1.443449e+01,-9.917296e+00,2.932329e+01,-3.891692e+01,3.277747e+02,0,0,3.686530e+00,6.756498e+00,4.909657e+00,-2.861984e+01,-2.683661e-01,-6.827478e+00,1.196247e+01,-6.644374e+00,-1.306108e+01,-3.003578e+01,2.269167e+01,-1.762195e+01,3.339526e+02,0,0
3.832213e+00,-6.774721e+00,-4.908891e+00,-1.322575e+01,1.222482e+01,-4.333274e+00,3.836533e+01,5.798193e+00,-1.421497e+01,-7.405842e+00,3.438492e+01,-4.455183e+01,3.220843e+02,0,0,3.832213e+00,6.774721e+00,4.908891e+00,-2.948091e+01,7.246718e-01,-7.055945e+00,1.119176e+01,-6.373097e+00,-1.377711e+01,-2.658818e+01,2.749132e+01,-2.485200e+01,3.275100e+02,0,0
3.832213e+00,-6.774721e+00,-4.908891e+00,-1.434061e+01,1.302187e+01,-3.146986e+00,3.765633e+01,6.500429e+00,-1.451331e+01,-5.665610e+00,4.043501e+01,-4.856941e+01,3.171713e+02,0,0,3.832213e+00,6.774721e+00,4.908891e+00,-3.091006e+01,2.194408e+00,-7.886881e+00,1.050561e+01,-5.671370e+00,-1.433231e+01,-2.333460e+01,3.345902e+01,-3.228920e+01,3.239979e+02,0,0
3.832213e+00,-6.774721e+00,-4.908891e+00,-1.569858e+01,1.396881e+01,-2.632699e+00,3.728740e+01,7.153211e+00,-1.498888e+01,-3.610624e+00,4.582923e+01,-5.238941e+01,3.151347e+02,0,0,3.832213e+00,6.774721e+00,4.908891e+00,-3.200178e+01,2.314488e+00,-7.029555e+00,9.927868e+00,-5.363173e+00,-1.445404e+01,-2.198810e+01,3.794491e+01,-3.630371e+01,3.205484e+02,0,0
3.868518e+00,-6.756903e+00,-4.952902e+00,-1.674285e+01,1.476850e+01,-2.928190e+00,3.702695e+01,7.729693e+00,-1.486761e+01,-2.733286e+00,5.022081e+01,-5.481323e+01,3.129703e+02,0,0,3.868518e+00,6.756903e+00,4.952902e+00,-3.292189e+01,2.937066e+00,-7.440761e+00,9.303168e+00,-5.382522e+00,-1.490492e+01,-2.102104e+01,4.105189e+01,-3.891035e+01,3.177303e+02,0,0
4.373944e+00,-6.725865e+00,-4.931384e+00,-1.732039e+01,1.535923e+01,-1.590821e+00,3.667650e+01,8.681235e+00,-1.572443e+01,-1.692720e+00,5.523401e+01,-5.634618e+01,3.108273e+02,0,0,4.373944e+00,6.725865e+00,4.931384e+00,-3.308760e+01,3.097039e+00,-8.039882e+00,9.259950e+00,-5.498617e+00,-1.544151e+01,-2.025714e+01,4.520893e+01,-4.029608e+01,3.177586e+02,0,0
4.406578e+00,-6.944847e+00,-4.404239e+00,-1.811025e+01,1.606654e+01,-2.076880e+00,3.698048e+01,8.856420e+00,-1.581367e+01,2.936542e-01,6.015357e+01,-5.896199e+01,3.103590e+02,0,0,4.406578e+00,6.944847e+00,4.404239e+00,-3.423408e+01,4.374628e+00,-7.559202e+00,8.442322e+00,-4.409101e+00,-1.536154e+01,-1.859648e+01,5.066202e+01,-4.326960e+01,3.097245e+02,0,0
4.406578e+00,-6.944847e+00,-4.404239e+00,-1.888690e+01,1.693704e+01,-1.360413e-01,3.708697e+01,9.996992e+00,-1.589099e+01,1.370794e+00,6.478793e+01,-6.087930e+01,3.039051e+02,0,0,4.406578e+00,6.944847e+00,4.404239e+00,-3.543255e+01,5.132538e+00,-6.146055e+00,8.516634e+00,-3.868888e+00,-1.548143e+01,-1.688527e+01,5.534963e+01,-4.606813e+01,3.062855e+02,0,0
4.406578e+00,-6.944847e+00,-4.404239e+00,-1.972783e+01,1.784473e+01,7.352032e-01,3.721033e+01,1.056474e+01,-1.632351e+01,2.246502e+00,6.883123e+01,-6.273114e+01,3.017446e+02,0,0,4.406578e+00,6.944847e+00,4.404239e+00,-3.629303e+01,5.631851e+00,-6.404602e+00,8.412883e+00,-3.339746e+00,-1.570823e+01,-1.625059e+01,5.959896e+01,-4.738049e+01,3.052437e+02,0,0
4.406578e+00,-6.944847e+00,-4.404239e+00,-2.051823e+01,1.798576e+01,4.702025e-01,3.672636e+01,1.123631e+01,-1.588897e+01,3.016641e+00,7.306756e+01,-6.534811e+01,2.996231e+02,0,0,4.406578e+00,6.944847e+00,4.404239e+00,-3.718934e+01,6.003139e+00,-5.578128e+00,8.464209e+00,-2.526610e+00,-1.569080e+01,-1.543573e+01,6.334181e+01,-4.860216e+01,3.035360e+02,0,0
4.406578e+00,-6.944847e+00,-4.404239e+00,-2.122457e+01,1.829147e+01,4.650443e-01,3.725145e+01,1.113715e+01,-1.632171e+01,4.162406e+00,7.800315e+01,-6.667509e+01,2.977147e+02,0,0,4.406578e+00,6.944847e+00,4.404239e+00,-3.799061e+01,6.724321e+00,-5.653877e+00,9.017777e+00,-2.032906e+00,-1.583264e+01,-1.466496e+01,6.852980e+01,-5.072283e+01,3.033236e+02,0,0
3.956452e+00,-6.454106e+00,-4.202637e+00,-2.287492e+01,1.788349e+01,4.067520e+00,3.704606e+01,1.183894e+01,-1.568302e+01,4.650096e+00,8.286421e+01,-6.897763e+01,2.961425e+02,0,0,3.956452e+00,6.454106e+00,4.202637e+00,-3.929882e+01,6.964804e+00,-3.574613e+00,9.538168e+00,-1.162746e+00,-1.476617e+01,-1.273134e+01,7.290988e+01,-5.290026e+01,2.980613e+02,0,0
3.853562e+00,-6.664010e+00,-3.686812e+00,-2.338520e+01,1.803844e+01,2.663558e+00,3.773403e+01,1.193416e+01,-1.560137e+01,5.750625e+00,8.682927e+01,-7.007137e+01,2.936237e+02,0,0,3.853562e+00,6.664010e+00,3.686812e+00,-4.102835e+01,8.101757e+00,-2.459901e+00,9.512350e+00,6.974163e-02,-1.503490e+01,-1.179149e+01,7.744624e+01,-5.392878e+01,2.968872e+02,0,0
3.117425e+00,-6.636690e+00,-3.669821e+00,-2.526047e+01,1.801348e+01,5.039786e+00,3.851704e+01,1.281547e+01,-1.532941e+01,5.358460e+00,9.404634e+01,-7.248284e+01,3.056870e+02,0,0,3.117425e+00,6.636690e+00,3.669821e+00,-4.262931e+01,7.489970e+00,-3.765650e-01,1.018180e+01,1.321089e+00,-1.419503e+01,-1.088005e+01,8.068329e+01,-5.575571e+01,2.959328e+02,0,0
2.659342e+00,-6.143230e+00,-3.467411e+00,-2.790287e+01,1.845934e+01,5.511583e+00,3.880821e+01,1.346383e+01,-1.537920e+01,5.121011e+00,9.810378e+01,-7.438485e+01,3.040199e+02,0,0,2.659342e+00,6.143230e+00,3.467411e+00,-4.436864e+01,8.080448e+00,8.934552e-01,1.051012e+01,2.074482e+00,-1.347316e+01,-9.099250e+00,8.560571e+01,-5.849194e+01,2.942308e+02,0,0
2.519492e+00,-6.163869e+00,-3.480350e+00,-2.965896e+01,1.864577e+01,5.712707e+00,3.930423e+01,1.350731e+01,-1.537832e+01,5.463985e+00,1.034741e+02,-7.543913e+01,3.033084e+02,0,0,2.519492e+00,6.163869e+00,3.480350e+00,-4.594531e+01,8.285224e+00,4.436885e+00,1.112630e+01,3.717042e+00,-1.212457e+01,-8.218977e+00,9.055375e+01,-5.987063e+01,2.925688e+02,0,0
1.690128e+00,-5.600044e+00,-3.247886e+00,-3.235842e+01,1.820485e+01,9.289325e+00,3.983098e+01,1.443119e+01,-1.557109e+01,5.981867e+00,1.075361e+02,-7.687976e+01,3.006895e+02,0,0,1.690128e+00,5.600044e+00,3.247886e+00,-4.716504e+01,8.334756e+00,5.659995e+00,1.221275e+01,4.624769e+00,-1.062157e+01,-4.076019e+00,9.644753e+01,-6.094136e+01,2.872870e+02,0,0
1.737796e+00,-5.080407e+00,-3.041741e+00,-3.356495e+01,1.913233e+01,9.421463e+00,4.013439e+01,1.480438e+01,-1.568382e+01,6.653002e+00,1.108346e+02,-7.725646e+01,3.007352e+02,0,0,1.737796e+00,5.080407e+00,3.041741e+00,-4.812483e+01,9.084958e+00,7.433352e+00,1.402580e+01,5.867735e+00,-9.969285e+00,-2.174654e+00,1.003133e+02,-6.225822e+01,2.869062e+02,0,0
1.080226e+00,-5.089437e+00,-3.053619e+00,-3.558007e+01,1.873687e+01,1.117004e+01,4.142360e+01,1.562635e+01,-1.563773e+01,8.338509e+00,1.146916e+02,-7.842193e+01,2.985522e+02,0,0,1.080226e+00,5.089437e+00,3.053619e+00,-4.958967e+01,8.451285e+00,9.570159e+00,1.513675e+01,6.825536e+00,-8.550767e+00,1.114895e-01,1.039041e+02,-6.373715e+01,2.849545e+02,0,0
1.116252e+00,-5.312285e+00,-2.537852e+00,-3.441334e+01,2.342135e+01,1.191491e+01,4.319692e+01,1.575985e+01,-1.517349e+01,1.041309e+01,1.185714e+02,-7.851824e+01,3.022183e+02,0,0,1.116252e+00,5.312285e+00,2.537852e+00,-4.841923e+01,1.373468e+01,1.038882e+01,1.635303e+01,8.290297e+00,-7.934444e+00,3.137427e+00,1.087103e+02,-6.423578e+01,2.844638e+02,0,0
4.943804e-01,-4.799176e+00,-2.340306e+00,-3.665581e+01,2.425276e+01,1.607898e+01,4.427368e+01,1.710686e+01,-1.518974e+01,1.193426e+01,1.217011e+02,-7.783954e+01,3.016850e+02,0,0,4.943804e-01,4.799176e+00,2.340306e+00,-4.897316e+01,1.370763e+01,1.393303e+01,1.824652e+01,1.017823e+01,-6.571791e+00,6.186888e+00,1.135071e+02,-6.455531e+01,2.838657e+02,0,0
2.882644e-01,-4.775706e+00,-2.321639e+00,-3.798454e+01,2.401646e+01,1.629012e+01,4.632267e+01,1.841598e+01,-1.547380e+01,1.431665e+01,1.250454e+02,-7.765910e+01,3.009419e+02,0,0,2.882644e-01,4.775706e+00,2.321639e+00,-5.015487e+01,1.308957e+01,1.576657e+01,1.971875e+01,1.135440e+01,-5.578026e+00,9.024977e+00,1.175585e+02,-6.513304e+01,2.829719e+02,0,0
-3.635465e-01,-4.017738e+00,-2.630095e+00,-4.044960e+01,2.405988e+01,1.984556e+01,4.718590e+01,1.959015e+01,-1.495340e+01,1.510464e+01,1.280194e+02,-7.850457e+01,3.011632e+02,0,0,-3.635465e-01,4.017738e+00,2.630095e+00,-4.964973e+01,1.313652e+01,1.794625e+01,2.128884e+01,1.255410e+01,-4.388824e+00,1.214633e+01,1.205315e+02,-6.600229e+01,2.818229e+02,0,0
-3.635465e-01,-4.017738e+00,-2.630095e+00,-4.139893e+01,2.431612e+01,2.134033e+01,4.839587e+01,2.022742e+01,-1.458602e+01,1.920613e+01,1.314948e+02,-7.860065e+01,3.005823e+02,0,0,-3.635465e-01,4.017738e+00,2.630095e+00,-5.021681e+01,1.360931e+01,2.009808e+01,2.292092e+01,1.369550e+01,-4.173936e+00,1.525004e+01,1.248995e+02,-6.610401e+01,2.826132e+02,0,0
-3.645877e-01,-4.020020e+00,-2.636863e+00,-4.296728e+01,2.484566e+01,2.258933e+01,5.056896e+01,2.133278e+01,-1.439188e+01,2.371052e+01,1.347178e+02,-7.758087e+01,2.997201e+02,0,0,-3.645877e-01,4.020020e+00,2.636863e+00,-5.073865e+01,1.451524e+01,2.240502e+01,2.456110e+01,1.434485e+01,-4.025293e+00,1.894501e+01,1.282584e+02,-6.508614e+01,2.838467e+02,0,0
-3.645877e-01,-4.020020e+00,-2.636863e+00,-4.432677e+01,2.497845e+01,2.591769e+01,5.369952e+01,2.293430e+01,-1.516580e+01,2.862667e+01,1.388727e+02,-7.610461e+01,3.007228e+02,0,0,-3.645877e-01,4.020020e+00,2.636863e+00,-5.075292e+01,1.499640e+01,2.203777e+01,2.593178e+01,1.576004e+01,-4.035270e+00,2.340425e+01,1.321669e+02,-6.331460e+01,2.859116e+02,0,0
-3.645877e-01,-4.020020e+00,-2.636863e+00,-4.546789e+01,2.561199e+01,2.886750e+01,5.555260e+01,2.466585e+01,-1.568466e+01,3.363552e+01,1.430456e+02,-7.333179e+01,3.048537e+02,0,0,-3.645877e-01,4.020020e+00,2.636863e+00,-5.122399e+01,1.539524e+01,2.244056e+01,2.762648e+01,1.635801e+01,-4.349213e+00,2.768219e+01,1.355794e+02,-6.144596e+01,2.880165e+02,0,0
-5.352656e-01,-3.784396e+00,-3.150919e+00,-4.792499e+01,2.597879e+01,3.204125e+01,5.829607e+01,2.622578e+01,-1.696590e+01,3.965585e+01,1.464611e+02,-6.963044e+01,3.086720e+02,0,0,-5.352656e-01,3.784396e+00,3.150919e+00,-5.059783e+01,1.421334e+01,2.345921e+01,2.871909e+01,1.728151e+01,-3.551139e+00,3.133975e+01,1.382197e+02,-5.972746e+01,2.892438e+02,0,0
-5.352656e-01,-3.784396e+00,-3.150919e+00,-4.870641e+01,2.566488e+01,3.531810e+01,6.079013e+01,2.753214e+01,-1.735110e+01,4.520406e+01,1.491629e+02,-6.560780e+01,3.130334e+02,0,0,-5.352656e-01,3.784396e+00,3.150919e+00,-5.079454e+01,1.490543e+01,2.479490e+01,3.000520e+01,1.861923e+01,-3.741751e+00,3.485522e+01,1.410045e+02,-5.777639e+01,2.926379e+02,0,0
-5.387480e-01,-3.812807e+00,-3.162240e+00,-5.044477e+01,2.651026e+01,4.083911e+01,6.283879e+01,2.865095e+01,-1.770999e+01,5.192959e+01,1.505075e+02,-6.193678e+01,3.151502e+02,0,0,-5.387480e-01,3.812807e+00,3.162240e+00,-5.085468e+01,1.527162e+01,2.626886e+01,3.147056e+01,1.995625e+01,-3.854557e+00,3.993644e+01,1.434879e+02,-5.474364e+01,2.956288e+02,0,0
-5.402969e-01,-3.815573e+00,-3.170424e+00,-5.071172e+01,2.671219e+01,3.947817e+01,6.483627e+01,2.977209e+01,-1.796629e+01,5.964513e+01,1.522098e+02,-5.802175e+01,3.216095e+02,0,0,-5.402969e-01,3.815573e+00,3.170424e+00,-5.157558e+01,1.575021e+01,2.887504e+01,3.363270e+01,2.076215e+01,-3.835605e+00,4.475637e+01,1.458473e+02,-5.205244e+01,2.979607e+02,0,0
-6.635905e-01,-3.061092e+00,-3.480522e+00,-5.130467e+01,2.596984e+01,4.173411e+01,6.540322e+01,3.076052e+01,-1.860146e+01,6.605152e+01,1.539045e+02,-5.343493e+01,3.240049e+02,0,0,-6.635905e-01,3.061092e+00,3.480522e+00,-5.146139e+01,1.537448e+01,2.956916e+01,3.553909e+01,2.137284e+01,-4.039454e+00,4.922976e+01,1.479262e+02,-4.950856e+01,3.019727e+02,0,0
-7.081840e-01,-3.582346e+00,-3.686873e+00,-5.158927e+01,2.591630e+01,4.169507e+01,6.696714e+01,3.114786e+01,-1.901016e+01,7.063832e+01,1.544138e+02,-5.085611e+01,3.255000e+02,0,0,-7.081840e-01,3.582346e+00,3.686873e+00,-5.172098e+01,1.522739e+01,2.967753e+01,3.623604e+01,2.196658e+01,-3.992366e+00,5.195787e+01,1.489639e+02,-4.715627e+01,3.043133e+02,0,0
-5.622845e-01,-3.598357e+00,-3.696553e+00,-5.170185e+01,2.641360e+01,4.338495e+01,6.757589e+01,3.114394e+01,-1.939084e+01,7.495200e+01,1.553102e+02,-4.727273e+01,3.299403e+02,0,0,-5.622845e-01,3.598357e+00,3.696553e+00,-5.121220e+01,1.548612e+01,3.017351e+01,3.701182e+01,2.265054e+01,-4.280287e+00,5.467771e+01,1.492321e+02,-4.550248e+01,3.061190e+02,0,0
-5.581412e-01,-3.612531e+00,-3.663484e+00,-5.221476e+01,2.587234e+01,4.341080e+01,6.827417e+01,3.173196e+01,-1.993068e+01,7.781721e+01,1.556943e+02,-4.554183e+01,3.305637e+02,0,0,-5.581412e-01,3.612531e+00,3.663484e+00,-5.093181e+01,1.507342e+01,2.983010e+01,3.784232e+01,2.256599e+01,-3.964232e+00,5.694622e+01,1.492897e+02,-4.466893e+01,3.054928e+02,0,0
-5.746866e-01,-3.394372e+00,-4.175996e+00,-5.272710e+01,2.604076e+01,4.458110e+01,6.834908e+01,3.194688e+01,-2.027303e+01,8.160761e+01,1.560032e+02,-4.348729e+01,3.336166e+02,0,0,-5.746866e-01,3.394372e+00,4.175996e+00,-4.986986e+01,1.480829e+01,3.077659e+01,3.940670e+01,2.280878e+01,-3.307168e+00,5.899220e+01,1.492701e+02,-4.451315e+01,3.072032e+02,0,0
-5.746866e-01,-3.394372e+00,-4.175996e+00,-5.297728e+01,2.592824e+01,4.666192e+01,6.900509e+01,3.252631e+01,-2.039753e+01,8.444593e+01,1.563386e+02,-4.192813e+01,3.353186e+02,0,0,-5.746866e-01,3.394372e+00,4.175996e+00,-5.021664e+01,1.492550e+01,3.174464e+01,4.017170e+01,2.370606e+01,-3.559909e+00,6.085037e+01,1.494493e+02,-4.373936e+01,3.076809e+02,0,0
-5.699067e-01,-3.356707e+00,-4.161100e+00,-5.312700e+01,2.590235e+01,4.489475e+01,6.895199e+01,3.252403e+01,-2.075646e+01,8.566305e+01,1.560730e+02,-4.094659e+01,3.360067e+02,0,0,-5.699067e-01,3.356707e+00,4.161100e+00,-5.032106e+01,1.538825e+01,3.176507e+01,4.103933e+01,2.353596e+01,-3.325532e+00,6.146586e+01,1.495765e+02,-4.347959e+01,3.077365e+02,0,0
-5.699067e-01,-3.356707e+00,-4.161100e+00,-5.337889e+01,2.614604e+01,4.506833e+01,6.956774e+01,3.261423e+01,-2.105651e+01,8.685939e+01,1.559270e+02,-3.994776e+01,3.365837e+02,0,0,-5.699067e-01,3.356707e+00,4.161100e+00,-5.024354e+01,1.536461e+01,3.201998e+01,4.094085e+01,2.349052e+01,-3.518303e+00,6.211774e+01,1.498588e+02,-4.341884e+01,3.078444e+02,0,0
-5.699067e-01,-3.356707e+00,-4.161100e+00,-5.378973e+01,2.602913e+01,4.614142e+01,6.956774e+01,3.261423e+01,-2.105651e+01,8.730931e+01,1.561161e+02,-3.963143e+01,3.349834e+02,0,0,-5.699067e-01,3.356707e+00,4.161100e+00,-4.999002e+01,1.522366e+01,3.281356e+01,4.104162e+01,2.345516e+01,-3.308493e+00,6.219998e+01,1.500310e+02,-4.334670e+01,3.077863e+02,0,0
-5.699067e-01,-3.356707e+00,-4.161100e+00,-5.352906e+01,2.579862e+01,4.537076e+01,6.954024e+01,3.264222e+01,-2.079919e+01,8.740764e+01,1.562805e+02,-4.003274e+01,3.366319e+02,0,0,-5.699067e-01,3.356707e+00,4.161100e+00,-4.997915e+01,1.524649e+01,3.330740e+01,4.104162e+01,2.345516e+01,-3.308493e+00,6.247122e+01,1.499498e+02,-4.310633e+01,3.077133e+02,0,0
-7.211131e-01,-3.380546e+00,-4.175862e+00,-5.387450e+01,2.594553e+01,4.547728e+01,6.954512e+01,3.278370e+01,-2.074392e+01,8.718425e+01,1.562532e+02,-4.023304e+01,3.362167e+02,0,0,-7.211131e-01,3.380546e+00,4.175862e+00,-4.987534e+01,1.525880e+01,3.116447e+01,4.095635e+01,2.354836e+01,-3.181817e+00,6.238819e+01,1.502480e+02,-4.330917e+01,3.077216e+02,0,0
-7.211131e-01,-3.380546e+00,-4.175862e+00,-5.382668e+01,2.536660e+01,5.195479e+01,6.954512e+01,3.278370e+01,-2.074392e+01,8.578419e+01,1.564898e+02,-4.096979e+01,3.357959e+02,0,0,-7.211131e-01,3.380546e+00,4.175862e+00,-4.987710e+01,1.478165e+01,3.200839e+01,4.136629e+01,2.373708e+01,-3.316708e+00,6.077677e+01,1.501466e+02,-4.482072e+01,3.065848e+02,0,0
-7.158287e-01,-3.343070e+00,-4.160968e+00,-5.401747e+01,2.525060e+01,4.665418e+01,6.882747e+01,3.267095e+01,-1.966798e+01,7.804189e+01,1.567143e+02,-4.718768e+01,3.288336e+02,0,0,-7.158287e-01,3.343070e+00,4.160968e+00,-5.053238e+01,1.476954e+01,3.124910e+01,4.092349e+01,2.298681e+01,-2.830880e+00,5.595577e+01,1.494625e+02,-4.804047e+01,3.024586e+02,0,0
-6.728811e-01,-2.807291e+00,-3.992404e+00,-5.457446e+01,2.532560e+01,4.562381e+01,6.728416e+01,3.273189e+01,-1.927251e+01,6.814135e+01,1.558533e+02,-5.461394e+01,3.217762e+02,0,0,-6.728811e-01,2.807291e+00,3.992404e+00,-4.946393e+01,1.487334e+01,3.044047e+01,3.969920e+01,2.203840e+01,-1.690117e+00,5.000908e+01,1.484485e+02,-5.277176e+01,2.978042e+02,0,0
-6.728811e-01,-2.807291e+00,-3.992404e+00,-5.341761e+01,2.477799e+01,4.433266e+01,6.603708e+01,3.203603e+01,-1.849544e+01,5.996053e+01,1.552314e+02,-6.083368e+01,3.165260e+02,0,0,-6.728811e-01,2.807291e+00,3.992404e+00,-4.983800e+01,1.465602e+01,3.036622e+01,3.842255e+01,2.103783e+01,-1.050436e+00,4.358948e+01,1.462170e+02,-5.738122e+01,2.920416e+02,0,0
-6.612135e-01,-3.032773e+00,-3.477009e+00,-5.229708e+01,2.465475e+01,4.094341e+01,6.438498e+01,3.133717e+01,-1.691124e+01,5.036281e+01,1.529861e+02,-6.736573e+01,3.101669e+02,0,0,-6.612135e-01,3.032773e+00,3.477009e+00,-4.976777e+01,1.484704e+01,2.881815e+01,3.738637e+01,2.051373e+01,-1.111803e+00,3.671784e+01,1.438453e+02,-6.107311e+01,2.886403e+02,0,0
-6.612135e-01,-3.032773e+00,-3.477009e+00,-5.183736e+01,2.418382e+01,4.074361e+01,6.319111e+01,3.061169e+01,-1.642592e+01,4.300348e+01,1.508386e+02,-7.100853e+01,3.062065e+02,0,0,-6.612135e-01,3.032773e+00,3.477009e+00,-4.987355e+01,1.424709e+01,2.798912e+01,3.589706e+01,1.913605e+01,-1.415897e+00,3.233210e+01,1.404809e+02,-6.489400e+01,2.836121e+02,0,0
-1.447303e-01,-3.052224e+00,-3.477191e+00,-5.031222e+01,2.442689e+01,3.790784e+01,6.182632e+01,2.967948e+01,-1.614031e+01,3.837372e+01,1.483382e+02,-7.196768e+01,3.052399e+02,0,0,-1.447303e-01,3.052224e+00,3.477191e+00,-4.933942e+01,1.431804e+01,2.532646e+01,3.378815e+01,1.742079e+01,-1.002733e+00,2.870422e+01,1.371898e+02,-6.814731e+01,2.822392e+02,0,0
2.995314e-03,-3.060800e+00,-3.468249e+00,-4.956561e+01,2.470932e+01,3.640227e+01,6.127473e+01,2.892537e+01,-1.582934e+01,3.356367e+01,1.458579e+02,-7.376131e+01,3.030428e+02,0,0,2.995314e-03,3.060800e+00,3.468249e+00,-4.872443e+01,1.400085e+01,2.451305e+01,3.226042e+01,1.627205e+01,-6.856432e-01,2.502299e+01,1.331430e+02,-6.907094e+01,2.799604e+02,0,0
1.614532e-01,-3.593177e+00,-3.660845e+00,-4.754760e+01,2.432020e+01,3.580577e+01,6.049252e+01,2.832762e+01,-1.590803e+01,2.971820e+01,1.432830e+02,-7.465618e+01,3.034170e+02,0,0,1.614532e-01,3.593177e+00,3.660845e+00,-4.904739e+01,1.391904e+01,2.309690e+01,3.006229e+01,1.486048e+01,-8.666255e-01,2.124813e+01,1.292768e+02,-6.945652e+01,2.785812e+02,0,0
1.614532e-01,-3.593177e+00,-3.660845e+00,-4.667995e+01,2.387817e+01,3.340467e+01,5.901499e+01,2.780787e+01,-1.542401e+01,2.622570e+01,1.396111e+02,-7.604564e+01,3.014223e+02,0,0,1.614532e-01,3.593177e+00,3.660845e+00,-4.791401e+01,1.350199e+01,2.193099e+01,2.842272e+01,1.382866e+01,-1.226252e-01,1.688943e+01,1.242347e+02,-7.093026e+01,2.772563e+02,0,0
1.813858e-01,-3.817763e+00,-3.147939e+00,-4.471376e+01,2.344920e+01,3.223431e+01,5.696028e+01,2.685256e+01,-1.338955e+01,2.247856e+01,1.351569e+02,-7.759596e+01,3.024744e+02,0,0,1.813858e-01,3.817763e+00,3.147939e+00,-4.786658e+01,1.344742e+01,1.930248e+01,2.636393e+01,1.284365e+01,-4.599283e-01,1.459631e+01,1.201018e+02,-7.139689e+01,2.755737e+02,0,0
3.280940e-01,-3.829258e+00,-3.147916e+00,-4.369625e+01,2.400717e+01,3.032696e+01,5.650902e+01,2.607039e+01,-1.350621e+01,2.063407e+01,1.321894e+02,-7.832181e+01,3.058570e+02,0,0,3.280940e-01,3.829258e+00,3.147916e+00,-4.696718e+01,1.352463e+01,1.836732e+01,2.539830e+01,1.201025e+01,-4.116276e-01,1.249502e+01,1.159416e+02,-7.076211e+01,2.757215e+02,0,0
3.280940e-01,-3.829258e+00,-3.147916e+00,-4.265576e+01,2.407251e+01,2.882600e+01,5.509380e+01,2.550051e+01,-1.289937e+01,1.932476e+01,1.284274e+02,-7.785769e+01,3.022361e+02,0,0,3.280940e-01,3.829258e+00,3.147916e+00,-4.630841e+01,1.330502e+01,1.817449e+01,2.395037e+01,1.098199e+01,-4.454393e-01,1.025043e+01,1.118520e+02,-7.102938e+01,2.763942e+02,0,0
3.280940e-01,-3.829258e+00,-3.147916e+00,-4.185999e+01,2.333221e+01,2.644150e+01,5.368851e+01,2.492004e+01,-1.257211e+01,1.791100e+01,1.249165e+02,-7.746596e+01,3.052121e+02,0,0,3.280940e-01,3.829258e+00,3.147916e+00,-4.598716e+01,1.280804e+01,1.687956e+01,2.286887e+01,9.706004e+00,-6.170775e-01,7.786514e+00,1.071812e+02,-7.073281e+01,2.778622e+02,0,0
2.836944e-01,-4.353434e+00,-3.353367e+00,-4.020675e+01,2.312796e+01,2.663894e+01,5.282172e+01,2.392513e+01,-1.186140e+01,1.698920e+01,1.215135e+02,-7.831455e+01,3.073180e+02,0,0,2.836944e-01,4.353434e+00,3.353367e+00,-4.587608e+01,1.247258e+01,1.493530e+01,2.125125e+01,8.773394e+00,-7.330645e-01,5.562738e+00,1.021769e+02,-7.045749e+01,2.757373e+02,0,0
4.293772e-01,-4.362800e+00,-3.344736e+00,-3.847295e+01,2.304484e+01,2.513289e+01,5.145230e+01,2.323061e+01,-1.113668e+01,1.523258e+01,1.161374e+02,-7.908053e+01,3.109236e+02,0,0,4.293772e-01,4.362800e+00,3.344736e+00,-4.577056e+01,1.199444e+01,1.441962e+01,1.965769e+01,7.583708e+00,-9.005874e-01,3.893354e+00,9.738247e+01,-7.000175e+01,2.777983e+02,0,0
9.773226e-01,-4.555920e+00,-2.847286e+00,-3.676173e+01,2.227224e+01,2.085364e+01,4.975975e+01,2.146722e+01,-1.029633e+01,1.485459e+01,1.103571e+02,-7.854091e+01,3.119706e+02,0,0,9.773226e-01,4.555920e+00,2.847286e+00,-4.518065e+01,1.267213e+01,1.393085e+01,1.891136e+01,7.046330e+00,-1.462292e+00,2.124614e+00,9.296784e+01,-6.906800e+01,2.800216e+02,0,0
9.516864e-01,-4.335051e+00,-3.370950e+00,-3.584569e+01,2.191660e+01,2.069522e+01,4.835143e+01,2.121234e+01,-1.027304e+01,1.404637e+01,1.066828e+02,-7.841145e+01,3.141210e+02,0,0,9.516864e-01,4.335051e+00,3.370950e+00,-4.449505e+01,1.200604e+01,1.214264e+01,1.827293e+01,5.331553e+00,-1.223329e+00,-1.180161e+00,8.644198e+01,-6.828070e+01,2.856095e+02,0,0
1.464570e+00,-4.316933e+00,-3.358141e+00,-3.444304e+01,2.209065e+01,1.898749e+01,4.712868e+01,2.023503e+01,-1.004967e+01,1.362788e+01,1.037712e+02,-7.799083e+01,3.142457e+02,0,0,1.464570e+00,4.316933e+00,3.358141e+00,-4.329195e+01,1.207809e+01,9.122150e+00,1.751448e+01,4.626127e+00,-2.064370e+00,-2.453934e+00,8.320664e+01,-6.704165e+01,2.873153e+02,0,0
1.563448e+00,-4.849148e+00,-3.564104e+00,-3.306057e+01,2.152987e+01,1.844588e+01,4.676799e+01,1.923317e+01,-9.805578e+00,1.349130e+01,1.009819e+02,-7.730648e+01,3.145939e+02,0,0,1.563448e+00,4.849148e+00,3.564104e+00,-4.313148e+01,1.113247e+01,8.262993e+00,1.621641e+01,3.836753e+00,-2.323787e+00,-3.844698e+00,8.121577e+01,-6.591090e+01,2.889283e+02,0,0
2.271575e+00,-4.884053e+00,-3.549987e+00,-3.210179e+01,2.169943e+01,1.671445e+01,4.564564e+01,1.814582e+01,-1.010520e+01,1.295351e+01,9.770592e+01,-7.724946e+01,3.168312e+02,0,0,2.271575e+00,4.884053e+00,3.549987e+00,-4.289440e+01,1.173989e+01,8.606391e+00,1.543539e+01,3.041517e+00,-3.043700e+00,-4.071708e+00,7.823627e+01,-6.469182e+01,2.896223e+02,0,0
2.292929e+00,-4.870821e+00,-3.581882e+00,-3.341292e+01,1.700380e+01,1.511991e+01,4.475603e+01,1.765231e+01,-9.994005e+00,1.276522e+01,9.443254e+01,-7.771829e+01,3.222988e+02,0,0,2.292929e+00,4.870821e+00,3.581882e+00,-4.401336e+01,6.967886e+00,8.455870e+00,1.484722e+01,3.061565e+00,-2.522142e+00,-4.700942e+00,7.568595e+01,-6.407616e+01,2.911460e+02,0,0
2.948071e+00,-4.862835e+00,-3.567031e+00,-3.257483e+01,1.703235e+01,1.379075e+01,4.351875e+01,1.606972e+01,-9.760047e+00,1.339943e+01,8.671191e+01,-7.715353e+01,2.966199e+02,0,0,2.948071e+00,4.862835e+00,3.567031e+00,-4.299589e+01,6.958288e+00,6.284329e+00,1.464636e+01,2.159112e+00,-3.346323e+00,-4.912756e+00,7.204176e+01,-6.322483e+01,2.917781e+02,0,0
2.888532e+00,-5.344976e+00,-3.760354e+00,-3.100690e+01,1.658221e+01,1.325258e+01,4.315557e+01,1.566123e+01,-9.558817e+00,1.339796e+01,8.317109e+01,-7.704853e+01,2.970453e+02,0,0,2.888532e+00,5.344976e+00,3.760354e+00,-4.343215e+01,6.834024e+00,6.194979e+00,1.367583e+01,1.496805e+00,-3.189258e+00,-5.586813e+00,6.922353e+01,-6.263963e+01,2.931284e+02,0,0
3.608201e+00,-5.422968e+00,-3.767513e+00,-2.966649e+01,1.672610e+01,1.079842e+01,4.241859e+01,1.472928e+01,-9.668782e+00,1.277334e+01,7.945407e+01,-7.678032e+01,3.002935e+02,0,0,3.608201e+00,5.422968e+00,3.767513e+00,-4.266858e+01,7.205547e+00,4.281905e+00,1.329217e+01,6.732499e-01,-4.056598e+00,-6.597673e+00,6.642271e+01,-6.085266e+01,2.945997e+02,0,0
3.608201e+00,-5.422968e+00,-3.767513e+00,-2.930894e+01,1.626251e+01,1.133564e+01,4.154226e+01,1.422628e+01,-9.591768e+00,1.230851e+01,7.606770e+01,-7.685408e+01,2.980342e+02,0,0,3.608201e+00,5.422968e+00,3.767513e+00,-4.192165e+01,6.977070e+00,4.410417e+00,1.281792e+01,5.724386e-01,-3.999440e+00,-6.963169e+00,6.323797e+01,-6.026639e+01,2.961129e+02,0,0
3.631371e+00,-5.370640e+00,-3.787650e+00,-2.862709e+01,1.637510e+01,1.059110e+01,4.059274e+01,1.371097e+01,-9.087313e+00,1.207869e+01,7.195759e+01,-7.717819e+01,2.984574e+02,0,0,3.631371e+00,5.370640e+00,3.787650e+00,-4.098307e+01,6.767943e+00,3.856730e+00,1.208784e+01,3.015073e-02,-4.289294e+00,-7.488542e+00,6.027600e+01,-5.906635e+01,2.968807e+02,0,0
4.293346e+00,-5.398974e+00,-3.784525e+00,-2.745877e+01,1.619142e+01,8.864337e+00,3.983536e+01,1.282594e+01,-9.604794e+00,1.160260e+01,6.822260e+01,-7.617215e+01,3.006862e+02,0,0,4.293346e+00,5.398974e+00,3.784525e+00,-4.048416e+01,7.002854e+00,4.290566e+00,1.211099e+01,-1.621307e-02,-4.909022e+00,-8.618801e+00,5.676852e+01,-5.739154e+01,2.996995e+02,0,0
4.271828e+00,-5.182868e+00,-4.310900e+00,-2.740533e+01,1.673397e+01,8.036659e+00,3.888443e+01,1.330672e+01,-9.906236e+00,1.122662e+01,6.456805e+01,-7.568374e+01,3.007713e+02,0,0,4.271828e+00,5.182868e+00,4.310900e+00,-3.932212e+01,6.588560e+00,2.924234e+00,1.189555e+01,-4.599204e-01,-4.842591e+00,-9.030682e+00,5.170774e+01,-5.523947e+01,3.003338e+02,0,0
4.200690e+00,-5.655732e+00,-4.503085e+00,-2.652712e+01,1.653207e+01,8.731043e+00,3.883160e+01,1.303812e+01,-1.002787e+01,1.084613e+01,6.085816e+01,-7.446909e+01,3.023451e+02,0,0,4.200690e+00,5.655732e+00,4.503085e+00,-3.892636e+01,6.158116e+00,2.620489e+00,1.065095e+01,-1.148147e+00,-5.833102e+00,-1.107703e+01,4.666781e+01,-5.241732e+01,3.041514e+02,0,0
4.200690e+00,-5.655732e+00,-4.503085e+00,-2.569756e+01,1.651717e+01,4.958405e+00,3.799042e+01,1.253449e+01,-1.022279e+01,1.012202e+01,5.683942e+01,-7.314910e+01,3.052359e+02,0,0,4.200690e+00,5.655732e+00,4.503085e+00,-3.840391e+01,5.927332e+00,1.379917e+00,1.054436e+01,-1.043403e+00,-5.770350e+00,-1.220886e+01,4.230882e+01,-5.074639e+01,3.080756e+02,0,0
4.912232e+00,-5.739631e+00,-4.498827e+00,-2.543679e+01,1.725850e+01,6.835317e+00,3.735586e+01,1.221290e+01,-1.056515e+01,1.008165e+01,5.335059e+01,-7.133874e+01,3.061102e+02,0,0,4.912232e+00,5.739631e+00,4.498827e+00,-3.771597e+01,6.408478e+00,1.277230e+00,9.826716e+00,-1.714917e+00,-6.849228e+00,-1.450564e+01,3.753873e+01,-4.548191e+01,2.976024e+02,0,0
4.912232e+00,-5.739631e+00,-4.498827e+00,-2.530352e+01,1.703058e+01,6.633177e+00,3.738642e+01,1.221881e+01,-1.078956e+01,1.037315e+01,4.889454e+01,-7.055650e+01,3.062665e+02,0,0,4.912232e+00,5.739631e+00,4.498827e+00,-3.770459e+01,5.661812e+00,2.691261e+00,9.826716e+00,-1.714917e+00,-6.849228e+00,-1.430126e+01,3.292910e+01,-4.347339e+01,3.116547e+02,0,0
4.912232e+00,-5.739631e+00,-4.498827e+00,-2.508603e+01,1.714200e+01,5.666842e+00,3.688914e+01,1.233675e+01,-1.085653e+01,1.090931e+01,4.464574e+01,-6.854725e+01,3.066525e+02,0,0,4.912232e+00,5.739631e+00,4.498827e+00,-3.682037e+01,5.175436e+00,-2.769372e-01,9.934256e+00,-2.262485e+00,-7.284880e+00,-1.429383e+01,2.909389e+01,-3.989420e+01,3.154467e+02,0,0
5.058138e+00,-5.755973e+00,-4.497862e+00,-2.499180e+01,1.712232e+01,6.009630e+00,3.615149e+01,1.232383e+01,-1.123348e+01,1.078783e+01,4.061224e+01,-6.728040e+01,3.050233e+02,0,0,5.058138e+00,5.755973e+00,4.497862e+00,-3.602283e+01,4.965884e+00,-1.162416e-01,1.040625e+01,-2.223918e+00,-7.262620e+00,-1.590477e+01,2.615610e+01,-3.477522e+01,3.210254e+02,0,0
4.980838e+00,-6.227683e+00,-4.689120e+00,-2.462746e+01,1.704369e+01,4.229425e+00,3.577790e+01,1.199522e+01,-1.133291e+01,1.249825e+01,3.642310e+01,-6.735536e+01,3.055989e+02,0,0,4.980838e+00,6.227683e+00,4.689120e+00,-3.587885e+01,4.479535e+00,-1.286821e+00,9.925809e+00,-2.782379e+00,-7.930340e+00,-1.710397e+01,2.322447e+01,-2.882072e+01,3.249042e+02,0,0
4.980838e+00,-6.227683e+00,-4.689120e+00,-2.445057e+01,1.664424e+01,5.323952e+00,3.577790e+01,1.199522e+01,-1.133291e+01,1.445486e+01,3.151483e+01,-6.552778e+01,3.045843e+02,0,0,4.980838e+00,6.227683e+00,4.689120e+00,-3.522682e+01,4.106794e+00,-1.442276e+00,1.022053e+01,-2.776037e+00,-8.341025e+00,-1.825204e+01,2.009426e+01,-2.111226e+01,3.333808e+02,0,0
5.022467e+00,-6.600248e+00,-5.583023e+00,-2.277920e+01,1.603651e+01,3.902632e+00,3.653476e+01,1.143154e+01,-1.113585e+01,1.581781e+01,2.771887e+01,-6.252424e+01,3.110215e+02,0,0,5.022467e+00,6.600248e+00,5.583023e+00,-3.445040e+01,1.943277e+00,-6.414157e+00,1.067522e+01,-4.677512e+00,-9.005231e+00,-2.548890e+01,1.473355e+01,-1.996960e+00,3.504791e+02,0,0
4.918669e+00,-6.897588e+00,-6.321022e+00,-2.091442e+01,1.683532e+01,3.051961e+00,3.754134e+01,1.084515e+01,-1.122511e+01,1.910149e+01,2.400104e+01,-6.133075e+01,3.055034e+02,0,0,4.918669e+00,6.897588e+00,6.321022e+00,-3.347177e+01,1.682229e+00,-4.786125e+00,1.121475e+01,-6.228286e+00,-9.239282e+00,-3.291283e+01,9.543060e+00,1.568212e+01,2.080905e+00,0,0
5.063993e+00,-6.919290e+00,-6.319686e+00,-1.852743e+01,1.599015e+01,1.788595e+00,3.883125e+01,9.989847e+00,-1.221205e+01,2.079231e+01,2.041865e+01,-5.743914e+01,3.083850e+02,0,0,5.063993e+00,6.919290e+00,6.319686e+00,-3.114290e+01,5.120280e-01,-6.108088e+00,1.264346e+01,-6.777248e+00,-9.757769e+00,-5.138806e+01,6.748280e+00,4.425119e+01,2.598622e+01,0,0
4.991920e+00,-7.440685e+00,-6.547634e+00,-1.399524e+01,1.462203e+01,-3.234656e-01,4.055787e+01,9.456704e+00,-1.255255e+01,1.985400e+01,1.682802e+01,-5.119081e+01,3.143564e+02,0,0,4.991920e+00,7.440685e+00,6.547634e+00,-3.021186e+01,-5.620429e-01,-5.834677e+00,1.372330e+01,-6.790770e+00,-1.046312e+01,-5.608709e+01,5.691874e+00,5.494130e+01,3.994891e+01,0,0
4.952178e+00,-7.216047e+00,-7.060381e+00,-1.146084e+01,1.383171e+01,-1.045187e+00,4.177955e+01,8.543449e+00,-1.270273e+01,1.763903e+01,1.359794e+01,-4.385230e+01,3.121708e+02,0,0,4.952178e+00,7.216047e+00,7.060381e+00,-2.639886e+01,-2.050998e+00,-6.149854e+00,1.630537e+01,-6.435578e+00,-1.076469e+01,-7.497045e+01,6.641902e+00,8.113479e+01,6.637278e+01,0,0
4.963989e+00,-7.224494e+00,-7.078604e+00,-8.047976e+00,1.367619e+01,-2.170544e+00,4.310661e+01,8.321353e+00,-1.344515e+01,7.931340e+00,1.068262e+01,-2.737289e+01,3.314129e+02,0,0,4.963989e+00,7.224494e+00,7.078604e+00,-2.393932e+01,-1.975725e+00,-6.256606e+00,1.728318e+01,-5.551437e+00,-1.192768e+01,-8.940142e+01,7.562599e+00,1.006767e+02,8.315469e+01,0,0
4.074664e+00,-7.173800e+00,-7.049700e+00,-7.168663e+00,1.490619e+01,-1.391689e+00,4.425177e+01,1.052312e+01,-1.460866e+01,5.160832e+00,1.079227e+01,-1.957824e+01,3.356104e+02,0,0,4.074664e+00,7.173800e+00,7.049700e+00,-2.383435e+01,-2.329354e+00,-4.947993e+00,1.852283e+01,-5.427163e+00,-1.169612e+01,-8.002537e+01,7.237042e+00,9.469191e+01,7.813036e+01,0,0
4.209865e+00,-7.189516e+00,-7.030398e+00,-7.327359e+00,1.503827e+01,-6.568598e-01,4.392895e+01,1.110747e+01,-1.497284e+01,1.631493e+00,1.054028e+01,-1.603570e+01,-3.784234e+02,0,0,4.209865e+00,7.189516e+00,7.030398e+00,-2.284494e+01,-2.324946e+00,-5.476681e+00,1.901460e+01,-5.381006e+00,-1.215690e+01,-7.921026e+01,7.634105e+00,9.510690e+01,7.926976e+01,0,0
3.742880e+00,-7.446922e+00,-6.548296e+00,-7.723058e+00,1.390749e+01,6.730741e-01,4.411182e+01,1.050450e+01,-1.512330e+01,4.396378e+00,1.017503e+01,-1.661373e+01,-2.143607e+01,0,0,3.742880e+00,7.446922e+00,6.548296e+00,-2.403375e+01,-2.308025e+00,-5.163852e+00,1.872469e+01,-4.729621e+00,-1.192473e+01,-7.300803e+01,7.336700e+00,8.934277e+01,7.391322e+01,0,0
3.742880e+00,-7.446922e+00,-6.548296e+00,-7.903930e+00,1.397061e+01,-1.309994e+00,4.411276e+01,1.051135e+01,-1.517072e+01,4.322108e+00,1.020935e+01,-1.583441e+01,-2.072372e+01,0,0,3.742880e+00,7.446922e+00,6.548296e+00,-2.405587e+01,-2.144726e+00,-5.464743e+00,1.876374e+01,-5.539726e+00,-1.178923e+01,-7.680436e+01,7.181805e+00,9.208065e+01,7.718469e+01,0,0
3.734054e+00,-7.439523e+00,-6.531435e+00,-7.900138e+00,1.412439e+01,1.327263e+00,4.417496e+01,1.106555e+01,-1.537559e+01,3.905795e+00,1.042407e+01,-1.542455e+01,-3.787761e+02,0,0,3.734054e+00,7.439523e+00,6.531435e+00,-2.447283e+01,-2.508112e+00,-4.601265e+00,1.863466e+01,-5.513968e+00,-1.139155e+01,-7.583904e+01,7.128187e+00,9.117371e+01,7.686111e+01,0,0
3.734054e+00,-7.439523e+00,-6.531435e+00,-8.087975e+00,1.412166e+01,-7.188242e-01,4.417496e+01,1.106555e+01,-1.537559e+01,3.951563e+00,1.052164e+01,-1.546842e+01,-3.805739e+02,0,0,3.734054e+00,7.439523e+00,6.531435e+00,-2.462585e+01,-2.497282e+00,-4.811315e+00,1.869180e+01,-5.510514e+00,-1.124085e+01,-7.654954e+01,6.997731e+00,9.133780e+01,7.672128e+01,0,0
3.734054e+00,-7.439523e+00,-6.531435e+00,-7.646922e+00,1.421627e+01,-1.466080e+00,4.468096e+01,1.095099e+01,-1.584653e+01,3.807852e+00,1.058835e+01,-1.479140e+01,-3.790458e+02,0,0,3.734054e+00,7.439523e+00,6.531435e+00,-2.453505e+01,-2.474277e+00,-4.927425e+00,1.820383e+01,-5.490001e+00,-1.132693e+01,-7.612099e+01,6.868691e+00,9.080061e+01,7.719763e+01,0,0
3.588672e+00,-7.416715e+00,-6.532412e+00,-7.449106e+00,1.417404e+01,-1.441977e+00,4.458471e+01,1.053945e+01,-1.564754e+01,3.539323e+00,1.136930e+01,-1.339937e+01,-3.773362e+02,0,0,3.588672e+00,7.416715e+00,6.532412e+00,-2.425129e+01,-2.143494e+00,-4.343627e+00,1.822279e+01,-5.427499e+00,-1.119338e+01,-7.499951e+01,6.757082e+00,8.968013e+01,7.697371e+01,0,0
3.672626e+00,-6.903859e+00,-6.321270e+00,-7.635081e+00,1.430315e+01,-1.766679e+00,4.404323e+01,1.037814e+01,-1.552344e+01,1.689991e+00,1.078691e+01,-1.077167e+01,-1.556281e+01,0,0,3.672626e+00,6.903859e+00,6.321270e+00,-2.357814e+01,-1.936299e+00,-4.392870e+00,1.873356e+01,-5.245210e+00,-1.128142e+01,-7.215571e+01,6.742265e+00,8.808055e+01,7.521468e+01,0,0
3.672626e+00,-6.903859e+00,-6.321270e+00,-7.414156e+00,1.431971e+01,-2.572905e-01,4.404323e+01,1.037814e+01,-1.552344e+01,6.597309e-01,1.080098e+01,-9.766823e+00,-1.413343e+01,0,0,3.672626e+00,6.903859e+00,6.321270e+00,-2.321097e+01,-1.754930e+00,-5.328283e+00,1.909829e+01,-5.272875e+00,-1.115953e+01,-7.246039e+01,6.893918e+00,8.834237e+01,7.554471e+01,0,0
3.672626e+00,-6.903859e+00,-6.321270e+00,-6.750166e+00,1.465920e+01,-2.102395e+00,4.439244e+01,1.039818e+01,-1.556314e+01,-7.355899e-01,1.097863e+01,-7.315666e+00,1.406440e+02,0,0,3.672626e+00,6.903859e+00,6.321270e+00,-2.304870e+01,-1.568582e+00,-4.022423e+00,1.909829e+01,-5.272875e+00,-1.115953e+01,-7.280191e+01,6.767842e+00,8.871487e+01,7.609377e+01,0,0
3.527011e+00,-6.882018e+00,-6.322213e+00,-6.366118e+00,1.505154e+01,-1.661415e+00,4.436657e+01,1.048699e+01,-1.535988e+01,-5.563035e-01,1.110004e+01,-7.474733e+00,-9.809203e+00,0,0,3.527011e+00,6.882018e+00,6.322213e+00,-2.254555e+01,-8.854999e-01,-3.814801e+00,1.911625e+01,-5.209433e+00,-1.102635e+01,-7.250615e+01,6.751856e+00,8.895369e+01,7.512503e+01,0,0
3.607179e+00,-6.367967e+00,-6.111861e+00,-6.645170e+00,1.483897e+01,-2.125954e+00,4.382431e+01,1.032621e+01,-1.523476e+01,-1.257526e+00,1.082721e+01,-7.284710e+00,-1.100139e+01,0,0,3.607179e+00,6.367967e+00,6.111861e+00,-2.209693e+01,-1.028490e+00,-5.006772e+00,1.962794e+01,-5.027511e+00,-1.111557e+01,-6.918571e+01,6.811050e+00,8.616036e+01,7.240352e+01,0,0
3.607179e+00,-6.367967e+00,-6.111861e+00,-6.569936e+00,1.481333e+01,-1.983254e+00,4.427977e+01,1.022176e+01,-1.528669e+01,-2.000363e+00,1.081646e+01,-6.007865e+00,-2.179073e+02,0,0,3.607179e+00,6.367967e+00,6.111861e+00,-2.191482e+01,-1.039317e+00,-5.328099e+00,1.962794e+01,-5.027511e+00,-1.111557e+01,-7.027979e+01,6.856456e+00,8.723267e+01,7.357042e+01,0,0
