7.716094e+00,-3.462766e+00,-1.460404e+00,-1.630342e+01,1.095165e+01,-6.899586e+00,2.434166e+01,-1.062997e+01,-2.071014e+01,-3.373870e+01,1.394120e+01,5.210408e+01,3.976150e+02,0,0,7.716094e+00,3.462766e+00,1.460404e+00,-2.192275e+01,1.037888e+01,-7.964620e+00,1.938317e+01,-1.318752e+01,-1.907376e+01,-2.112837e+01,1.462810e+01,5.254767e+01,4.050066e+02,0,0
7.622684e+00,-3.447406e+00,-1.453711e+00,-1.644224e+01,1.135854e+01,-6.791136e+00,2.434561e+01,-1.060261e+01,-2.061820e+01,-3.266545e+01,1.382708e+01,5.088468e+01,3.969477e+02,0,0,7.622684e+00,3.447406e+00,1.453711e+00,-2.174569e+01,1.043017e+01,-7.904142e+00,1.941585e+01,-1.314481e+01,-1.898729e+01,-2.067755e+01,1.465190e+01,5.209330e+01,4.048996e+02,0,0
8.214207e+00,-2.937460e+00,-1.189491e+00,-1.610064e+01,1.172630e+01,-8.231244e+00,2.371940e+01,-1.118295e+01,-2.097882e+01,-3.633161e+01,1.378239e+01,5.398188e+01,3.997662e+02,0,0,8.214207e+00,2.937460e+00,1.189491e+00,-2.050971e+01,1.130783e+01,-8.994802e+00,1.979399e+01,-1.312111e+01,-1.962676e+01,-2.142451e+01,1.511340e+01,5.345148e+01,4.062212e+02,0,0
8.214207e+00,-2.937460e+00,-1.189491e+00,-1.610426e+01,1.172658e+01,-8.232746e+00,2.371940e+01,-1.118295e+01,-2.097882e+01,-3.603978e+01,1.386271e+01,5.369204e+01,3.988925e+02,0,0,8.214207e+00,2.937460e+00,1.189491e+00,-2.049406e+01,1.138139e+01,-9.051918e+00,1.977958e+01,-1.323128e+01,-1.969836e+01,-2.163145e+01,1.499620e+01,5.367180e+01,4.061773e+02,0,0
8.214207e+00,-2.937460e+00,-1.189491e+00,-1.614585e+01,1.139980e+01,-8.305969e+00,2.371940e+01,-1.118295e+01,-2.097882e+01,-3.632532e+01,1.378066e+01,5.397639e+01,3.989522e+02,0,0,8.214207e+00,2.937460e+00,1.189491e+00,-2.046336e+01,1.118569e+01,-9.420300e+00,1.977958e+01,-1.323128e+01,-1.969836e+01,-2.187241e+01,1.482797e+01,5.388049e+01,4.058849e+02,0,0
7.689568e+00,-3.440182e+00,-1.466335e+00,-1.610822e+01,1.151676e+01,-7.488377e+00,2.430522e+01,-1.074836e+01,-2.060505e+01,-3.381577e+01,1.377687e+01,5.174396e+01,3.980004e+02,0,0,7.689568e+00,3.440182e+00,1.466335e+00,-2.140894e+01,1.079028e+01,-8.030031e+00,1.939812e+01,-1.329294e+01,-1.911743e+01,-2.094030e+01,1.438800e+01,5.238719e+01,4.042673e+02,0,0
7.680017e+00,-3.445077e+00,-1.453510e+00,-1.608929e+01,1.113159e+01,-6.911527e+00,2.431304e+01,-1.075669e+01,-2.059071e+01,-3.542048e+01,1.350136e+01,5.278742e+01,3.986462e+02,0,0,7.680017e+00,3.445077e+00,1.453510e+00,-2.144412e+01,1.046650e+01,-8.010964e+00,1.939403e+01,-1.327718e+01,-1.911289e+01,-2.114628e+01,1.421333e+01,5.261431e+01,4.042702e+02,0,0
7.687799e+00,-3.443042e+00,-1.454960e+00,-1.607864e+01,1.142739e+01,-6.200316e+00,2.435889e+01,-1.078537e+01,-2.043189e+01,-3.735625e+01,1.350769e+01,5.313939e+01,3.964808e+02,0,0,7.687799e+00,3.443042e+00,1.454960e+00,-2.145170e+01,1.047814e+01,-8.016965e+00,1.939469e+01,-1.328155e+01,-1.911971e+01,-2.183317e+01,1.437782e+01,5.326441e+01,4.038497e+02,0,0
7.723949e+00,-3.460736e+00,-1.461868e+00,-1.630927e+01,1.141769e+01,-6.221116e+00,2.436861e+01,-1.079216e+01,-2.046957e+01,-3.796635e+01,1.356543e+01,5.228000e+01,3.922424e+02,0,0,7.723949e+00,3.460736e+00,1.461868e+00,-2.147021e+01,1.042239e+01,-8.053344e+00,1.937049e+01,-1.330224e+01,-1.915201e+01,-2.447837e+01,1.416492e+01,5.398724e+01,4.041904e+02,0,0
7.723949e+00,-3.460736e+00,-1.461868e+00,-1.635079e+01,1.141417e+01,-6.898020e+00,2.372368e+01,-1.074579e+01,-2.091845e+01,-3.894861e+01,1.367399e+01,5.071734e+01,3.878651e+02,0,0,7.723949e+00,3.460736e+00,1.461868e+00,-2.131335e+01,1.024311e+01,-8.081400e+00,1.957294e+01,-1.339720e+01,-1.916885e+01,-2.425207e+01,1.483529e+01,5.193212e+01,4.021071e+02,0,0
7.219216e+00,-3.465125e+00,-1.462088e+00,-1.654877e+01,1.123778e+01,-7.041578e+00,2.373586e+01,-1.056437e+01,-2.008317e+01,-3.547810e+01,1.404556e+01,4.259239e+01,3.783559e+02,0,0,7.219216e+00,3.465125e+00,1.462088e+00,-2.166690e+01,9.980891e+00,-7.549695e+00,1.956402e+01,-1.367571e+01,-1.860755e+01,-2.417111e+01,1.609959e+01,4.948719e+01,3.977496e+02,0,0
7.226580e+00,-3.463086e+00,-1.463556e+00,-1.707255e+01,1.108213e+01,-6.299675e+00,2.376777e+01,-1.069031e+01,-2.001986e+01,-3.046002e+01,1.553563e+01,3.188489e+01,3.676072e+02,0,0,7.226580e+00,3.463086e+00,1.463556e+00,-2.243590e+01,1.027242e+01,-7.928853e+00,2.026983e+01,-1.370340e+01,-1.818420e+01,-2.271093e+01,1.937572e+01,4.347385e+01,3.938107e+02,0,0
6.955567e+00,-3.427796e+00,-1.464377e+00,-1.732389e+01,1.103077e+01,-5.236766e+00,2.390003e+01,-1.073743e+01,-1.930685e+01,-2.507686e+01,1.711737e+01,2.164821e+01,3.564708e+02,0,0,6.955567e+00,3.427796e+00,1.464377e+00,-2.234002e+01,9.948111e+00,-7.887573e+00,2.046367e+01,-1.359756e+01,-1.818578e+01,-2.191492e+01,2.180964e+01,3.855179e+01,3.880332e+02,0,0
6.895098e+00,-3.434944e+00,-1.451765e+00,-1.780056e+01,1.122701e+01,-4.879755e+00,2.379085e+01,-1.070264e+01,-1.872980e+01,-2.118746e+01,1.947039e+01,1.382156e+01,3.520811e+02,0,0,6.895098e+00,3.434944e+00,1.451765e+00,-2.242941e+01,9.841754e+00,-6.500698e+00,2.041457e+01,-1.306379e+01,-1.783330e+01,-2.142123e+01,2.485971e+01,3.446870e+01,3.851744e+02,0,0
6.895757e+00,-3.953947e+00,-1.732937e+00,-1.758746e+01,1.141384e+01,-5.050166e+00,2.430415e+01,-1.071159e+01,-1.870755e+01,-1.689827e+01,2.330618e+01,4.079932e+00,3.419001e+02,0,0,6.895757e+00,3.953947e+00,1.732937e+00,-2.371916e+01,1.016762e+01,-7.553433e+00,1.991783e+01,-1.329149e+01,-1.822833e+01,-1.951183e+01,2.945683e+01,2.640549e+01,3.798535e+02,0,0
6.381051e+00,-3.684822e+00,-2.237560e+00,-1.925489e+01,1.263743e+01,-3.684282e+00,2.418737e+01,-9.290153e+00,-1.871462e+01,-1.250514e+01,3.264012e+01,-5.968971e+00,3.458669e+02,0,0,6.381051e+00,3.684822e+00,2.237560e+00,-2.484288e+01,1.086351e+01,-5.003300e+00,2.069208e+01,-1.137548e+01,-1.784416e+01,-1.721576e+01,3.388977e+01,1.940410e+01,3.736500e+02,0,0
5.548732e+00,-4.173748e+00,-2.506429e+00,-1.996748e+01,1.321623e+01,-1.736650e+00,2.417775e+01,-7.328813e+00,-1.820230e+01,-8.106653e+00,3.907791e+01,-1.374989e+01,3.430654e+02,0,0,5.548732e+00,4.173748e+00,2.506429e+00,-2.605275e+01,1.065059e+01,-4.393688e+00,2.035094e+01,-9.544101e+00,-1.765024e+01,-1.530530e+01,3.782915e+01,1.316059e+01,3.652014e+02,0,0
5.574070e+00,-4.200369e+00,-2.518434e+00,-2.039071e+01,1.382108e+01,-2.173228e+00,2.398983e+01,-6.468513e+00,-1.905024e+01,-5.934795e+00,4.344056e+01,-1.815604e+01,3.388520e+02,0,0,5.574070e+00,4.200369e+00,2.518434e+00,-2.652436e+01,1.145499e+01,-3.301426e+00,2.031098e+01,-8.182386e+00,-1.828656e+01,-1.324714e+01,4.122031e+01,9.677712e+00,3.633045e+02,0,0
5.047828e+00,-4.703824e+00,-2.775373e+00,-2.118012e+01,1.506510e+01,-1.230295e+00,2.410660e+01,-4.123502e+00,-1.926275e+01,-2.992266e+00,4.873434e+01,-2.329197e+01,3.324714e+02,0,0,5.047828e+00,4.703824e+00,2.775373e+00,-2.796894e+01,1.134540e+01,-2.174505e+00,2.006494e+01,-6.621309e+00,-1.848625e+01,-1.199374e+01,4.538883e+01,5.584650e+00,3.614228e+02,0,0
4.281002e+00,-4.902092e+00,-3.568476e+00,-2.220774e+01,1.569274e+01,1.179521e+00,2.434329e+01,-1.108378e+00,-1.913029e+01,-9.380198e-01,5.550372e+01,-2.806328e+01,3.320974e+02,0,0,4.281002e+00,4.902092e+00,3.568476e+00,-2.910376e+01,1.122766e+01,-4.648950e-01,2.018041e+01,-5.079943e+00,-1.843647e+01,-9.722539e+00,4.940454e+01,1.703396e+00,3.617810e+02,0,0
3.682525e+00,-5.168111e+00,-4.335172e+00,-2.403773e+01,1.737914e+01,4.028591e+00,2.418379e+01,2.488986e+00,-1.939874e+01,6.776130e-01,6.254789e+01,-3.231759e+01,3.247047e+02,0,0,3.682525e+00,5.168111e+00,4.335172e+00,-3.205125e+01,1.156090e+01,1.526260e+00,2.003978e+01,-2.582879e+00,-1.851514e+01,-7.606881e+00,5.538739e+01,-2.885377e+00,3.561858e+02,0,0
2.838180e+00,-5.640184e+00,-4.601954e+00,-2.500427e+01,1.780570e+01,6.836564e+00,2.493494e+01,5.535747e+00,-1.960136e+01,2.380079e+00,7.044344e+01,-3.654367e+01,3.251213e+02,0,0,2.838180e+00,5.640184e+00,4.601954e+00,-3.474267e+01,1.177220e+01,6.836521e+00,1.992635e+01,9.200083e-01,-1.794884e+01,-6.122524e+00,6.110425e+01,-7.320683e+00,3.476861e+02,0,0
2.825606e+00,-5.411898e+00,-5.127835e+00,-2.677092e+01,1.888340e+01,8.543986e+00,2.435805e+01,7.964764e+00,-1.993206e+01,2.572650e+00,7.598213e+01,-3.871098e+01,3.202346e+02,0,0,2.825606e+00,5.411898e+00,5.127835e+00,-3.656877e+01,1.200345e+01,8.084961e+00,2.039628e+01,2.799704e+00,-1.828332e+01,-3.564609e+00,6.593998e+01,-1.008806e+01,3.431096e+02,0,0
2.007251e+00,-5.610899e+00,-5.889362e+00,-2.870854e+01,1.977623e+01,1.198223e+01,2.388005e+01,1.141449e+01,-1.995347e+01,3.148700e+00,8.144137e+01,-4.180046e+01,3.162203e+02,0,0,2.007251e+00,5.610899e+00,5.889362e+00,-3.809305e+01,1.173858e+01,9.276162e+00,2.009932e+01,5.431742e+00,-1.740429e+01,-2.113635e+00,6.931042e+01,-1.337217e+01,3.386276e+02,0,0
9.158165e-01,-6.187148e+00,-6.176569e+00,-3.172170e+01,1.991575e+01,1.632266e+01,2.404973e+01,1.515920e+01,-1.948267e+01,4.048341e+00,8.738550e+01,-4.619342e+01,3.118142e+02,0,0,9.158165e-01,6.187148e+00,6.176569e+00,-4.150194e+01,1.141004e+01,1.478218e+01,1.957742e+01,8.393891e+00,-1.677609e+01,-9.809206e-01,7.445185e+01,-1.715830e+01,3.311701e+02,0,0
1.236224e-01,-5.865513e+00,-6.705011e+00,-3.511154e+01,2.029954e+01,2.127125e+01,2.328167e+01,1.896876e+01,-1.911108e+01,2.913087e+00,9.388910e+01,-4.910044e+01,3.135689e+02,0,0,1.236224e-01,5.865513e+00,6.705011e+00,-4.385292e+01,9.685398e+00,1.971597e+01,1.922214e+01,1.059249e+01,-1.641253e+01,-3.433962e-01,7.896129e+01,-1.973638e+01,3.367848e+02,0,0
-6.509656e-01,-5.840895e+00,-6.678903e+00,-3.886787e+01,2.024625e+01,2.570813e+01,2.270678e+01,2.236314e+01,-1.822967e+01,2.866435e+00,9.872369e+01,-5.145760e+01,3.017495e+02,0,0,-6.509656e-01,5.840895e+00,6.678903e+00,-4.659068e+01,9.003205e+00,2.100352e+01,1.858970e+01,1.370436e+01,-1.536351e+01,2.671757e-01,8.361349e+01,-2.171195e+01,3.375440e+02,0,0
-6.509656e-01,-5.840895e+00,-6.678903e+00,-4.097227e+01,2.114733e+01,2.910679e+01,2.238751e+01,2.544484e+01,-1.834820e+01,3.279967e+00,1.036676e+02,-5.223724e+01,2.988946e+02,0,0,-6.509656e-01,5.840895e+00,6.678903e+00,-4.788555e+01,9.030011e+00,2.215215e+01,1.827478e+01,1.592763e+01,-1.531079e+01,6.250365e-01,8.779931e+01,-2.230504e+01,3.372779e+02,0,0
-6.509656e-01,-5.840895e+00,-6.678903e+00,-4.305743e+01,2.098721e+01,3.124173e+01,2.266301e+01,2.780608e+01,-1.784403e+01,2.499038e+00,1.080101e+02,-5.340022e+01,3.008709e+02,0,0,-6.509656e-01,5.840895e+00,6.678903e+00,-5.022613e+01,8.810586e+00,2.548134e+01,1.783645e+01,1.807905e+01,-1.533886e+01,7.277808e-01,9.188996e+01,-2.261961e+01,3.357995e+02,0,0
-6.509656e-01,-5.840895e+00,-6.678903e+00,-4.569222e+01,2.195186e+01,3.509936e+01,2.249975e+01,3.089890e+01,-1.714317e+01,2.351243e+00,1.126684e+02,-5.469699e+01,3.005562e+02,0,0,-6.509656e-01,5.840895e+00,6.678903e+00,-5.183462e+01,8.454872e+00,2.775713e+01,1.812686e+01,2.001776e+01,-1.538612e+01,1.205029e+00,9.658585e+01,-2.375182e+01,3.356660e+02,0,0
-3.863696e-01,-5.923809e+00,-6.679809e+00,-4.806406e+01,2.232964e+01,3.949792e+01,2.245818e+01,3.433400e+01,-1.633438e+01,3.201354e+00,1.168309e+02,-5.554419e+01,2.974346e+02,0,0,-3.863696e-01,5.923809e+00,6.679809e+00,-5.373126e+01,8.606230e+00,3.129150e+01,1.776989e+01,2.248008e+01,-1.439456e+01,2.373091e+00,1.015097e+02,-2.373470e+01,3.375374e+02,0,0
1.236224e-01,-5.865513e+00,-6.705011e+00,-5.071714e+01,2.344525e+01,4.350681e+01,2.328718e+01,3.656364e+01,-1.626025e+01,4.584328e+00,1.225737e+02,-5.647305e+01,3.001367e+02,0,0,1.236224e-01,5.865513e+00,6.705011e+00,-5.357835e+01,8.915162e+00,3.340541e+01,1.816319e+01,2.503234e+01,-1.442094e+01,5.125434e+00,1.063447e+02,-2.367483e+01,3.367085e+02,0,0
1.461001e-01,-6.134078e+00,-6.207149e+00,-5.240192e+01,2.235822e+01,4.601021e+01,2.324567e+01,3.855728e+01,-1.526727e+01,6.443652e+00,1.268446e+02,-5.727259e+01,2.976604e+02,0,0,1.461001e-01,6.134078e+00,6.207149e+00,-5.527831e+01,8.437647e+00,3.535740e+01,1.825043e+01,2.797709e+01,-1.401633e+01,7.081166e+00,1.127202e+02,-2.417352e+01,3.387908e+02,0,0
9.270194e-01,-6.158852e+00,-6.230392e+00,-5.380176e+01,2.296479e+01,4.972570e+01,2.472396e+01,4.096803e+01,-1.564671e+01,9.515408e+00,1.312226e+02,-5.733863e+01,2.985882e+02,0,0,9.270194e-01,6.158852e+00,6.230392e+00,-5.626603e+01,8.091445e+00,3.844742e+01,1.921385e+01,3.052373e+01,-1.452724e+01,9.665856e+00,1.182572e+02,-2.385464e+01,3.503347e+02,0,0
1.909936e+00,-5.885564e+00,-6.700498e+00,-5.556486e+01,2.385401e+01,5.292955e+01,2.514623e+01,4.306312e+01,-1.622246e+01,1.398811e+01,1.367616e+02,-5.584170e+01,3.042406e+02,0,0,1.909936e+00,5.885564e+00,6.700498e+00,-5.651716e+01,7.909849e+00,4.099911e+01,1.962368e+01,3.245311e+01,-1.436695e+01,1.360359e+01,1.236264e+02,-2.227471e+01,3.514833e+02,0,0
2.220682e+00,-5.382792e+00,-6.446168e+00,-5.697855e+01,2.361308e+01,5.487094e+01,2.570132e+01,4.479533e+01,-1.585965e+01,1.836499e+01,1.419435e+02,-5.524864e+01,3.042997e+02,0,0,2.220682e+00,5.382792e+00,6.446168e+00,-5.807272e+01,8.664598e+00,4.534142e+01,2.072655e+01,3.510329e+01,-1.479714e+01,1.716755e+01,1.290220e+02,-2.159721e+01,3.525897e+02,0,0
2.619079e+00,-5.567992e+00,-7.192958e+00,-5.841318e+01,2.335706e+01,5.876568e+01,2.768250e+01,4.744095e+01,-1.652579e+01,2.592692e+01,1.484268e+02,-5.135557e+01,3.131221e+02,0,0,2.619079e+00,5.567992e+00,7.192958e+00,-5.876161e+01,7.563516e+00,4.187594e+01,2.037104e+01,3.655336e+01,-1.417435e+01,2.067171e+01,1.336124e+02,-2.008909e+01,3.584102e+02,0,0
3.460799e+00,-5.126490e+00,-6.877037e+00,-6.031113e+01,2.367370e+01,6.125449e+01,2.898784e+01,4.886314e+01,-1.707546e+01,3.489052e+01,1.514162e+02,-4.490047e+01,3.186299e+02,0,0,3.460799e+00,5.126490e+00,6.877037e+00,-5.833611e+01,8.278856e+00,4.860577e+01,2.175871e+01,3.820844e+01,-1.413279e+01,2.627970e+01,1.370126e+02,-1.660889e+01,3.578970e+02,0,0
3.983373e+00,-5.070366e+00,-6.898982e+00,-6.135569e+01,2.466781e+01,6.427135e+01,3.059576e+01,5.019924e+01,-1.741486e+01,4.429321e+01,1.531219e+02,-3.903842e+01,3.234608e+02,0,0,3.983373e+00,5.070366e+00,6.898982e+00,-5.862459e+01,8.574224e+00,5.018006e+01,2.229478e+01,4.005468e+01,-1.331913e+01,3.176695e+01,1.400478e+02,-1.425236e+01,3.616263e+02,0,0
4.775071e+00,-5.086087e+00,-6.918268e+00,-6.201311e+01,2.512574e+01,6.479554e+01,3.317744e+01,5.054793e+01,-1.894583e+01,5.194140e+01,1.542844e+02,-3.367494e+01,3.307847e+02,0,0,4.775071e+00,5.086087e+00,6.918268e+00,-5.868678e+01,9.403529e+00,5.187122e+01,2.322417e+01,4.048923e+01,-1.335128e+01,3.766411e+01,1.417554e+02,-1.025466e+01,3.654256e+02,0,0
5.261580e+00,-5.051043e+00,-6.886321e+00,-6.174388e+01,2.578694e+01,6.560366e+01,3.328169e+01,5.106677e+01,-1.868339e+01,5.861568e+01,1.548131e+02,-2.857602e+01,3.418267e+02,0,0,5.261580e+00,5.051043e+00,6.886321e+00,-5.909570e+01,9.536196e+00,5.284958e+01,2.359080e+01,4.101832e+01,-1.305695e+01,4.063086e+01,1.428187e+02,-8.536939e+00,3.677859e+02,0,0
5.982810e+00,-5.349129e+00,-7.719331e+00,-6.260070e+01,2.710275e+01,6.693739e+01,3.538622e+01,5.191090e+01,-2.022403e+01,6.695893e+01,1.544852e+02,-2.161522e+01,3.422802e+02,0,0,5.982810e+00,5.349129e+00,7.719331e+00,-6.010450e+01,1.001241e+01,5.316665e+01,2.371974e+01,4.073881e+01,-1.307497e+01,4.389590e+01,1.427807e+02,-5.725576e+00,3.679874e+02,0,0
6.631470e+00,-5.941116e+00,-7.899479e+00,-6.233638e+01,2.726720e+01,6.711428e+01,3.875180e+01,5.233534e+01,-2.271845e+01,7.311299e+01,1.541004e+02,-1.709988e+01,3.487656e+02,0,0,6.631470e+00,5.941116e+00,7.899479e+00,-6.103832e+01,1.032641e+01,5.331410e+01,2.455302e+01,4.123935e+01,-1.380384e+01,4.592849e+01,1.434386e+02,-4.239000e+00,3.689678e+02,0,0
6.654485e+00,-6.109644e+00,-8.759894e+00,-6.292103e+01,2.843890e+01,6.955738e+01,4.015869e+01,5.341185e+01,-2.331555e+01,7.732348e+01,1.538607e+02,-1.311047e+01,3.514460e+02,0,0,6.654485e+00,6.109644e+00,8.759894e+00,-6.134659e+01,9.653690e+00,5.283056e+01,2.379052e+01,4.068443e+01,-1.240878e+01,4.698271e+01,1.437617e+02,-4.324763e+00,3.680091e+02,0,0
7.299051e+00,-6.457792e+00,-9.529263e+00,-6.289322e+01,2.924767e+01,7.048185e+01,4.261275e+01,5.390171e+01,-2.538982e+01,8.607541e+01,1.529987e+02,-5.320256e+00,3.576644e+02,0,0,7.299051e+00,6.457792e+00,9.529263e+00,-6.175001e+01,9.820015e+00,5.340534e+01,2.464084e+01,4.008367e+01,-1.249119e+01,4.897560e+01,1.433264e+02,-3.063977e+00,3.653653e+02,0,0
7.193061e+00,-6.928800e+00,-9.820098e+00,-6.306930e+01,2.939468e+01,7.190059e+01,4.492003e+01,5.427650e+01,-2.602535e+01,8.832439e+01,1.522694e+02,-3.672341e+00,3.582683e+02,0,0,7.193061e+00,6.928800e+00,9.820098e+00,-6.215237e+01,9.340164e+00,5.266478e+01,2.458049e+01,3.999708e+01,-1.217511e+01,5.035380e+01,1.438381e+02,-1.929106e+00,3.682715e+02,0,0
7.173199e+00,-6.550595e+00,-1.027119e+01,-6.402880e+01,2.977712e+01,7.292260e+01,4.534434e+01,5.487032e+01,-2.695023e+01,9.092298e+01,1.520433e+02,-9.080170e-01,3.619019e+02,0,0,7.173199e+00,6.550595e+00,1.027119e+01,-6.233898e+01,8.891062e+00,5.300212e+01,2.519920e+01,3.934001e+01,-1.117718e+01,5.157791e+01,1.436743e+02,-2.305359e+00,3.669550e+02,0,0
7.542931e+00,-7.089599e+00,-1.053912e+01,-6.334942e+01,3.027823e+01,7.345413e+01,4.741072e+01,5.503495e+01,-2.823950e+01,9.296245e+01,1.514777e+02,5.983926e-01,3.663443e+02,0,0,7.542931e+00,7.089599e+00,1.053912e+01,-6.212580e+01,9.277818e+00,5.335242e+01,2.509060e+01,3.895343e+01,-1.124572e+01,5.172472e+01,1.433605e+02,-2.551081e+00,3.673392e+02,0,0
7.874934e+00,-6.866474e+00,-1.112392e+01,-6.465967e+01,3.143337e+01,7.569845e+01,4.859548e+01,5.531311e+01,-2.944550e+01,9.413885e+01,1.505117e+02,1.630667e+00,3.655485e+02,0,0,7.874934e+00,6.866474e+00,1.112392e+01,-6.201339e+01,9.211634e+00,5.246532e+01,2.555416e+01,3.808535e+01,-1.081006e+01,5.246487e+01,1.426576e+02,-2.500106e+00,3.649723e+02,0,0
7.874934e+00,-6.866474e+00,-1.112392e+01,-6.465953e+01,3.141751e+01,7.497295e+01,4.951686e+01,5.527305e+01,-3.022206e+01,9.457517e+01,1.505150e+02,1.925191e+00,3.684079e+02,0,0,7.874934e+00,6.866474e+00,1.112392e+01,-6.186056e+01,9.348210e+00,5.187151e+01,2.616388e+01,3.831123e+01,-1.083459e+01,5.275695e+01,1.425111e+02,-2.235696e+00,3.644265e+02,0,0
7.874934e+00,-6.866474e+00,-1.112392e+01,-6.469499e+01,3.162871e+01,7.529774e+01,4.928176e+01,5.495583e+01,-3.003097e+01,9.282551e+01,1.505211e+02,6.082822e-01,3.658681e+02,0,0,7.874934e+00,6.866474e+00,1.112392e+01,-6.179783e+01,9.519306e+00,5.169314e+01,2.594523e+01,3.799718e+01,-1.090709e+01,5.236004e+01,1.417372e+02,-3.017715e+00,3.635636e+02,0,0
7.998273e+00,-6.668221e+00,-1.034104e+01,-6.354950e+01,3.194328e+01,7.218326e+01,4.606498e+01,5.337445e+01,-2.779516e+01,8.436017e+01,1.503783e+02,-5.979110e+00,3.565110e+02,0,0,7.998273e+00,6.668221e+00,1.034104e+01,-6.179584e+01,1.040605e+01,5.222633e+01,2.612034e+01,3.785142e+01,-1.208026e+01,5.069457e+01,1.407011e+02,-3.160811e+00,3.659772e+02,0,0
7.713432e+00,-6.143305e+00,-9.971866e+00,-6.372420e+01,3.100635e+01,7.095468e+01,4.347987e+01,5.313197e+01,-2.632667e+01,7.726850e+01,1.509602e+02,-1.157949e+01,3.567844e+02,0,0,7.713432e+00,6.143305e+00,9.971866e+00,-6.104563e+01,1.030761e+01,5.154474e+01,2.571341e+01,3.776643e+01,-1.206845e+01,4.809103e+01,1.399427e+02,-5.028468e+00,3.703185e+02,0,0
7.274053e+00,-5.874021e+00,-9.206410e+00,-6.324196e+01,2.999106e+01,6.823241e+01,4.038630e+01,5.184475e+01,-2.431422e+01,6.782740e+01,1.507950e+02,-1.965891e+01,3.463292e+02,0,0,7.274053e+00,5.874021e+00,9.206410e+00,-6.152717e+01,1.028400e+01,5.033736e+01,2.480688e+01,3.765004e+01,-1.245029e+01,4.378793e+01,1.395970e+02,-7.394930e+00,3.736747e+02,0,0
7.866555e+00,-5.390352e+00,-8.965166e+00,-6.294219e+01,2.939627e+01,6.630045e+01,3.871416e+01,5.022138e+01,-2.459681e+01,6.108139e+01,1.501226e+02,-2.384288e+01,3.454186e+02,0,0,7.866555e+00,5.390352e+00,8.965166e+00,-5.985272e+01,1.093798e+01,4.864373e+01,2.467787e+01,3.646353e+01,-1.342376e+01,4.089545e+01,1.372341e+02,-8.895920e+00,3.713200e+02,0,0
7.967503e+00,-4.902068e+00,-8.688105e+00,-6.316009e+01,2.998018e+01,6.424551e+01,3.632303e+01,4.938783e+01,-2.363314e+01,5.428063e+01,1.487356e+02,-2.907845e+01,3.406777e+02,0,0,7.967503e+00,4.902068e+00,8.688105e+00,-5.904540e+01,1.108285e+01,4.730476e+01,2.434994e+01,3.573311e+01,-1.330575e+01,3.938333e+01,1.360811e+02,-1.014661e+01,3.720611e+02,0,0
7.906163e+00,-5.169197e+00,-8.188699e+00,-6.108865e+01,2.911689e+01,6.382686e+01,3.642092e+01,4.821400e+01,-2.395426e+01,5.055188e+01,1.472104e+02,-3.169857e+01,3.387417e+02,0,0,7.906163e+00,5.169197e+00,8.188699e+00,-5.904604e+01,1.138654e+01,4.736182e+01,2.417306e+01,3.521980e+01,-1.418102e+01,3.673856e+01,1.352828e+02,-1.070835e+01,3.734949e+02,0,0
7.701193e+00,-4.540450e+00,-7.870923e+00,-6.060173e+01,2.866715e+01,6.133601e+01,3.419493e+01,4.677292e+01,-2.295651e+01,4.544244e+01,1.448483e+02,-3.466914e+01,3.299660e+02,0,0,7.701193e+00,4.540450e+00,7.870923e+00,-5.787000e+01,1.121688e+01,4.606434e+01,2.384101e+01,3.543175e+01,-1.425785e+01,3.492015e+01,1.330988e+02,-1.146238e+01,3.698746e+02,0,0
7.234214e+00,-4.566077e+00,-7.917865e+00,-5.833382e+01,2.831078e+01,5.828958e+01,3.294138e+01,4.589154e+01,-2.297178e+01,4.192602e+01,1.433689e+02,-3.693940e+01,3.338961e+02,0,0,7.234214e+00,4.566077e+00,7.917865e+00,-5.819716e+01,1.099586e+01,4.404295e+01,2.315822e+01,3.368223e+01,-1.437072e+01,3.108429e+01,1.299975e+02,-1.367779e+01,3.649924e+02,0,0
7.258661e+00,-4.346814e+00,-7.139960e+00,-5.746310e+01,2.834981e+01,5.451233e+01,3.194467e+01,4.362971e+01,-2.264807e+01,3.690696e+01,1.390383e+02,-3.950826e+01,3.332276e+02,0,0,7.258661e+00,4.346814e+00,7.139960e+00,-5.698263e+01,1.213955e+01,4.345437e+01,2.313280e+01,3.291032e+01,-1.531356e+01,2.824607e+01,1.267597e+02,-1.474079e+01,3.638810e+02,0,0
7.250283e+00,-4.354755e+00,-7.132896e+00,-5.569601e+01,2.857125e+01,5.203597e+01,3.051971e+01,4.166590e+01,-2.272085e+01,3.348734e+01,1.343467e+02,-4.059369e+01,3.275608e+02,0,0,7.250283e+00,4.354755e+00,7.132896e+00,-5.536611e+01,1.281359e+01,4.107255e+01,2.312539e+01,3.073029e+01,-1.574891e+01,2.597034e+01,1.220977e+02,-1.558241e+01,3.661840e+02,0,0
6.528857e+00,-4.122671e+00,-6.340172e+00,-5.366774e+01,2.700973e+01,4.789710e+01,2.854601e+01,3.946566e+01,-2.149044e+01,2.886833e+01,1.292913e+02,-4.293917e+01,3.372370e+02,0,0,6.528857e+00,4.122671e+00,6.340172e+00,-5.448476e+01,1.264827e+01,3.843774e+01,2.236961e+01,2.915166e+01,-1.585131e+01,2.295154e+01,1.170731e+02,-1.645086e+01,3.608771e+02,0,0
6.084377e+00,-4.093101e+00,-6.339329e+00,-5.170041e+01,2.729569e+01,4.395676e+01,2.680929e+01,3.712166e+01,-2.068233e+01,2.622411e+01,1.250980e+02,-4.366117e+01,3.292816e+02,0,0,6.084377e+00,4.093101e+00,6.339329e+00,-5.253407e+01,1.222666e+01,3.362768e+01,2.171080e+01,2.709235e+01,-1.554706e+01,2.084653e+01,1.120476e+02,-1.704498e+01,3.606461e+02,0,0
5.917691e+00,-3.866111e+00,-5.597146e+00,-5.033765e+01,2.626483e+01,4.106387e+01,2.619298e+01,3.432755e+01,-2.041452e+01,2.442330e+01,1.202733e+02,-4.453205e+01,3.318403e+02,0,0,5.917691e+00,3.866111e+00,5.597146e+00,-5.133964e+01,1.248510e+01,3.384233e+01,2.165188e+01,2.585322e+01,-1.610505e+01,1.936533e+01,1.085041e+02,-1.699184e+01,3.599986e+02,0,0
5.412138e+00,-3.838852e+00,-5.596474e+00,-4.817107e+01,2.585883e+01,3.798963e+01,2.565468e+01,3.222819e+01,-1.983430e+01,2.280224e+01,1.148958e+02,-4.520815e+01,3.280308e+02,0,0,5.412138e+00,3.838852e+00,5.596474e+00,-5.055091e+01,1.218079e+01,3.230016e+01,2.122660e+01,2.414499e+01,-1.575043e+01,1.818591e+01,1.045182e+02,-1.793551e+01,3.613552e+02,0,0
5.412138e+00,-3.838852e+00,-5.596474e+00,-4.463492e+01,2.535050e+01,3.519456e+01,2.464102e+01,2.972296e+01,-1.897659e+01,2.142846e+01,1.095932e+02,-4.525489e+01,3.285069e+02,0,0,5.412138e+00,3.838852e+00,5.596474e+00,-4.920261e+01,1.220958e+01,3.047865e+01,2.053907e+01,2.202527e+01,-1.573425e+01,1.738548e+01,1.005487e+02,-1.832946e+01,3.600768e+02,0,0
5.362706e+00,-3.861702e+00,-5.548287e+00,-4.226387e+01,2.415062e+01,3.036026e+01,2.370328e+01,2.600703e+01,-1.886714e+01,2.046373e+01,1.031401e+02,-4.426143e+01,3.282021e+02,0,0,5.362706e+00,3.861702e+00,5.548287e+00,-4.688206e+01,1.243246e+01,2.598285e+01,2.041867e+01,1.981375e+01,-1.579342e+01,1.611671e+01,9.554010e+01,-1.821672e+01,3.522503e+02,0,0
5.293718e+00,-4.356230e+00,-5.823048e+00,-3.878177e+01,2.339358e+01,2.345847e+01,2.350175e+01,2.321408e+01,-1.901506e+01,1.939182e+01,9.707701e+01,-4.407085e+01,3.279738e+02,0,0,5.293718e+00,4.356230e+00,5.823048e+00,-4.592918e+01,1.191605e+01,2.416680e+01,1.975604e+01,1.723002e+01,-1.563427e+01,1.460854e+01,9.084757e+01,-1.818249e+01,3.551791e+02,0,0
5.293718e+00,-4.356230e+00,-5.823048e+00,-3.697106e+01,2.304391e+01,2.429123e+01,2.315877e+01,2.001949e+01,-1.883146e+01,1.834069e+01,9.163417e+01,-4.347944e+01,3.291126e+02,0,0,5.293718e+00,4.356230e+00,5.823048e+00,-4.362731e+01,1.221133e+01,2.049765e+01,1.953866e+01,1.493027e+01,-1.583729e+01,1.370311e+01,8.517203e+01,-1.814522e+01,3.581549e+02,0,0
5.355656e+00,-4.601149e+00,-5.374029e+00,-3.457607e+01,2.142184e+01,1.834179e+01,2.298407e+01,1.654303e+01,-1.860824e+01,1.775698e+01,8.457817e+01,-4.231269e+01,3.274126e+02,0,0,5.355656e+00,4.601149e+00,5.374029e+00,-4.229246e+01,1.251299e+01,1.735753e+01,1.931310e+01,1.249927e+01,-1.634347e+01,1.283883e+01,8.014136e+01,-1.705534e+01,3.463388e+02,0,0
5.355656e+00,-4.601149e+00,-5.374029e+00,-3.275726e+01,2.088290e+01,1.663704e+01,2.299196e+01,1.359685e+01,-1.873416e+01,1.696068e+01,7.858153e+01,-4.153806e+01,3.261380e+02,0,0,5.355656e+00,4.601149e+00,5.374029e+00,-4.072894e+01,1.218222e+01,1.395563e+01,1.925841e+01,9.572808e+00,-1.664880e+01,1.233990e+01,7.549983e+01,-1.596736e+01,3.459700e+02,0,0
6.174866e+00,-4.904118e+00,-4.843006e+00,-2.988529e+01,2.055809e+01,1.035991e+01,2.296456e+01,9.795007e+00,-1.917604e+01,1.541526e+01,7.172185e+01,-4.013460e+01,3.282911e+02,0,0,6.174866e+00,4.904118e+00,4.843006e+00,-3.882543e+01,1.322854e+01,1.337267e+01,1.858370e+01,7.753685e+00,-1.737110e+01,1.173355e+01,7.092847e+01,-1.464640e+01,3.448615e+02,0,0
6.174866e+00,-4.904118e+00,-4.843006e+00,-2.812468e+01,1.961242e+01,8.756494e+00,2.298784e+01,6.866469e+00,-1.912068e+01,1.504292e+01,6.618967e+01,-3.951650e+01,3.275209e+02,0,0,6.174866e+00,4.904118e+00,4.843006e+00,-3.802198e+01,1.285755e+01,1.193960e+01,1.886517e+01,5.654239e+00,-1.708009e+01,1.156950e+01,6.711344e+01,-1.407350e+01,3.585961e+02,0,0
6.174866e+00,-4.904118e+00,-4.843006e+00,-2.642845e+01,1.844676e+01,5.290817e+00,2.258680e+01,3.777807e+00,-1.947748e+01,1.430643e+01,6.067980e+01,-3.943826e+01,3.274292e+02,0,0,6.174866e+00,4.904118e+00,4.843006e+00,-3.613305e+01,1.292648e+01,8.244800e+00,1.916551e+01,2.802163e+00,-1.750433e+01,1.148635e+01,6.152804e+01,-1.324751e+01,3.574695e+02,0,0
6.696466e+00,-4.862489e+00,-4.851862e+00,-2.487712e+01,1.766455e+01,3.803177e+00,2.217866e+01,1.229443e+00,-1.938196e+01,1.256062e+01,5.429757e+01,-3.658428e+01,3.278123e+02,0,0,6.696466e+00,4.862489e+00,4.851862e+00,-3.424485e+01,1.297679e+01,4.152554e+00,1.927001e+01,1.322124e-02,-1.802459e+01,9.463760e+00,5.558857e+01,-1.125782e+01,3.544468e+02,0,0
7.044432e+00,-5.188707e+00,-4.349614e+00,-2.362535e+01,1.716359e+01,5.951807e-01,2.222726e+01,-1.199732e+00,-1.996591e+01,1.137544e+01,4.718684e+01,-3.400227e+01,3.278065e+02,0,0,7.044432e+00,5.188707e+00,4.349614e+00,-3.337279e+01,1.275638e+01,3.230833e+00,1.910587e+01,-2.226435e+00,-1.854831e+01,7.755926e+00,4.973875e+01,-8.797888e+00,3.595413e+02,0,0
7.036899e+00,-5.193945e+00,-4.345288e+00,-2.264950e+01,1.618384e+01,-1.709901e-02,2.274743e+01,-2.947624e+00,-1.997688e+01,9.691119e+00,4.230522e+01,-3.093793e+01,3.254673e+02,0,0,7.036899e+00,5.193945e+00,4.345288e+00,-3.233601e+01,1.201286e+01,7.842108e-01,1.883204e+01,-5.445862e+00,-1.765402e+01,6.882519e+00,4.363235e+01,-7.319636e+00,3.616309e+02,0,0
7.009258e+00,-4.653137e+00,-4.049818e+00,-2.202131e+01,1.479977e+01,-2.094907e+00,2.278776e+01,-4.642619e+00,-1.977791e+01,7.497486e+00,3.711720e+01,-2.806322e+01,3.244699e+02,0,0,7.009258e+00,4.653137e+00,4.049818e+00,-3.082043e+01,1.161062e+01,-5.532629e-01,1.889982e+01,-7.340466e+00,-1.721400e+01,6.154581e+00,3.721176e+01,-7.454861e+00,3.595883e+02,0,0
7.077826e+00,-4.429279e+00,-3.274023e+00,-2.162178e+01,1.356959e+01,-1.726775e+00,2.247439e+01,-5.897725e+00,-1.940173e+01,6.366609e+00,3.231421e+01,-2.461297e+01,3.315472e+02,0,0,7.077826e+00,4.429279e+00,3.274023e+00,-2.936760e+01,1.128818e+01,-1.944095e+00,1.965540e+01,-8.654817e+00,-1.633749e+01,4.659673e+00,3.120134e+01,-1.913835e+00,3.618511e+02,0,0
7.096071e+00,-4.701917e+00,-2.773228e+00,-2.171964e+01,1.297553e+01,-2.920842e+00,2.276310e+01,-6.371175e+00,-1.923879e+01,5.750336e+00,2.444170e+01,-1.908542e+01,3.210906e+02,0,0,7.096071e+00,4.701917e+00,2.773228e+00,-2.857955e+01,1.109696e+01,-2.839591e+00,2.064703e+01,-1.007809e+01,-1.515333e+01,1.581604e+00,2.740998e+01,4.501520e+00,3.677790e+02,0,0
7.195930e+00,-4.193158e+00,-2.518260e+00,-2.047747e+01,1.203488e+01,-2.454237e+00,2.301727e+01,-7.284356e+00,-1.917112e+01,8.783392e-01,2.038266e+01,-9.783018e+00,3.268877e+02,0,0,7.195930e+00,4.193158e+00,2.518260e+00,-2.786004e+01,1.159150e+01,-2.025225e+00,2.142971e+01,-1.027289e+01,-1.464635e+01,1.010972e+00,2.324130e+01,1.179655e+01,3.696979e+02,0,0
7.223261e+00,-4.462166e+00,-2.016113e+00,-1.966052e+01,1.176022e+01,-1.668027e+00,2.359883e+01,-7.721019e+00,-1.943602e+01,-6.289210e+00,1.772070e+01,7.545074e+00,3.459544e+02,0,0,7.223261e+00,4.462166e+00,2.016113e+00,-2.755594e+01,1.177830e+01,-2.341123e+00,2.068519e+01,-1.026257e+01,-1.495275e+01,1.920211e+00,1.976635e+01,1.692499e+01,3.759743e+02,0,0
7.281479e+00,-4.231162e+00,-1.236291e+00,-1.946190e+01,1.065351e+01,-4.283294e+00,2.394708e+01,-7.933797e+00,-1.925250e+01,-1.166944e+01,1.508149e+01,2.110788e+01,3.591874e+02,0,0,7.281479e+00,4.231162e+00,1.236291e+00,-2.694231e+01,1.163438e+01,-1.972519e+00,2.086130e+01,-9.555825e+00,-1.528078e+01,4.282748e+00,1.681246e+01,1.991897e+01,3.772046e+02,0,0
7.274072e+00,-4.233075e+00,-1.235051e+00,-1.828235e+01,1.042424e+01,-4.539609e+00,2.452283e+01,-7.865700e+00,-1.962045e+01,-1.626233e+01,1.431961e+01,3.703118e+01,3.730622e+02,0,0,7.274072e+00,4.233075e+00,1.235051e+00,-2.522736e+01,1.074287e+01,-3.208335e+00,2.011672e+01,-1.000912e+01,-1.569227e+01,3.142629e+00,1.446810e+01,2.536080e+01,3.837376e+02,0,0
7.298633e+00,-3.987784e+00,-4.559025e-01,-1.755291e+01,9.891474e+00,-3.615060e+00,2.510735e+01,-8.692818e+00,-1.902229e+01,-2.220427e+01,1.283395e+01,4.630844e+01,3.836815e+02,0,0,7.298633e+00,3.987784e+00,4.559025e-01,-2.478542e+01,1.137108e+01,-3.456163e+00,2.020585e+01,-9.250910e+00,-1.574226e+01,1.818163e+00,1.381007e+01,2.897047e+01,3.875074e+02,0,0
7.728008e+00,-3.978711e+00,-4.549822e-01,-1.696979e+01,9.544788e+00,-1.647370e+00,2.536568e+01,-8.240131e+00,-1.999042e+01,-2.412278e+01,1.268243e+01,5.134816e+01,3.886917e+02,0,0,7.728008e+00,3.978711e+00,4.549822e-01,-2.403478e+01,1.118457e+01,-3.917638e+00,1.986578e+01,-9.907689e+00,-1.661311e+01,-4.801769e+00,1.281671e+01,3.758085e+01,3.929378e+02,0,0
7.795578e+00,-3.974649e+00,-4.589313e-01,-1.676878e+01,1.022227e+01,-3.462765e+00,2.535171e+01,-8.261183e+00,-2.005568e+01,-2.881145e+01,1.339427e+01,5.260426e+01,3.963444e+02,0,0,7.795578e+00,3.974649e+00,4.589313e-01,-2.318292e+01,1.080161e+01,-3.842406e+00,1.946538e+01,-1.038022e+01,-1.691339e+01,-1.090056e+01,1.394291e+01,4.993295e+01,3.990385e+02,0,0
7.795578e+00,-3.974649e+00,-4.589313e-01,-1.662870e+01,9.782095e+00,-5.319057e+00,2.518215e+01,-8.937093e+00,-1.931323e+01,-2.964424e+01,1.397338e+01,5.259048e+01,3.994416e+02,0,0,7.795578e+00,3.974649e+00,4.589313e-01,-2.272201e+01,9.566915e+00,-6.271248e+00,1.923065e+01,-1.125192e+01,-1.764016e+01,-1.398018e+01,1.490956e+01,5.142574e+01,4.026521e+02,0,0
7.803493e+00,-3.973546e+00,-4.593932e-01,-1.636625e+01,9.950883e+00,-5.768381e+00,2.509422e+01,-9.579125e+00,-1.942439e+01,-2.967168e+01,1.399815e+01,5.247021e+01,3.997062e+02,0,0,7.803493e+00,3.973546e+00,4.593932e-01,-2.311921e+01,9.397688e+00,-4.179370e+00,1.862854e+01,-1.125381e+01,-1.784022e+01,-1.799816e+01,1.577733e+01,5.335037e+01,4.060826e+02,0,0
8.286064e+00,-3.198809e+00,-6.861356e-01,-1.676252e+01,1.024730e+01,-6.009894e+00,2.479219e+01,-9.580345e+00,-2.010234e+01,-3.129451e+01,1.443835e+01,5.337791e+01,4.009141e+02,0,0,8.286064e+00,3.198809e+00,6.861356e-01,-2.225089e+01,9.345525e+00,-7.705444e+00,1.893510e+01,-1.208582e+01,-1.847301e+01,-2.136056e+01,1.564312e+01,5.666599e+01,4.093145e+02,0,0
8.294469e+00,-3.197587e+00,-6.868246e-01,-1.700594e+01,1.024720e+01,-5.821740e+00,2.478950e+01,-9.582806e+00,-2.011055e+01,-3.046960e+01,1.416652e+01,5.268433e+01,4.023888e+02,0,0,8.294469e+00,3.197587e+00,6.868246e-01,-2.231621e+01,8.885466e+00,-7.534651e+00,1.893480e+01,-1.208963e+01,-1.848072e+01,-2.140807e+01,1.559785e+01,5.718688e+01,4.102482e+02,0,0
8.294469e+00,-3.197587e+00,-6.868246e-01,-1.706991e+01,1.027547e+01,-6.358106e+00,2.478950e+01,-9.582806e+00,-2.011055e+01,-3.008349e+01,1.410493e+01,5.233848e+01,3.993816e+02,0,0,8.294469e+00,3.197587e+00,6.868246e-01,-2.249047e+01,8.903447e+00,-7.304719e+00,1.893480e+01,-1.208963e+01,-1.848072e+01,-2.044910e+01,1.557032e+01,5.629155e+01,4.096359e+02,0,0
8.294469e+00,-3.197587e+00,-6.868246e-01,-1.685934e+01,1.043508e+01,-6.272569e+00,2.478950e+01,-9.582806e+00,-2.011055e+01,-3.076832e+01,1.408101e+01,5.287061e+01,4.062577e+02,0,0,8.294469e+00,3.197587e+00,6.868246e-01,-2.228737e+01,9.053992e+00,-5.705254e+00,1.893480e+01,-1.208963e+01,-1.848072e+01,-2.044910e+01,1.557032e+01,5.629155e+01,4.099939e+02,0,0
8.294469e+00,-3.197587e+00,-6.868246e-01,-1.697222e+01,1.033175e+01,-5.755507e+00,2.467764e+01,-9.709230e+00,-1.967747e+01,-3.097881e+01,1.400963e+01,5.308195e+01,3.997864e+02,0,0,8.294469e+00,3.197587e+00,6.868246e-01,-2.235648e+01,9.301802e+00,-6.351578e+00,1.894534e+01,-1.205199e+01,-1.895207e+01,-1.965998e+01,1.549788e+01,5.558803e+01,4.094010e+02,0,0
7.796869e+00,-3.205833e+00,-6.876775e-01,-1.716234e+01,1.016445e+01,-5.652819e+00,2.425822e+01,-9.485041e+00,-1.927285e+01,-2.971293e+01,1.368219e+01,5.176161e+01,3.983738e+02,0,0,7.796869e+00,3.205833e+00,6.876775e-01,-2.249587e+01,9.432076e+00,-6.321826e+00,1.902876e+01,-1.186491e+01,-1.848094e+01,-1.751028e+01,1.517824e+01,5.283898e+01,4.071797e+02,0,0
7.796869e+00,-3.205833e+00,-6.876775e-01,-1.732177e+01,1.033907e+01,-5.745962e+00,2.425822e+01,-9.485041e+00,-1.927285e+01,-2.920464e+01,1.366240e+01,5.135314e+01,3.980913e+02,0,0,7.796869e+00,3.205833e+00,6.876775e-01,-2.259833e+01,9.145514e+00,-5.715660e+00,1.902876e+01,-1.186491e+01,-1.848094e+01,-1.784021e+01,1.597036e+01,5.046438e+01,4.037818e+02,0,0
